site,sampled_at,time_assumed,year,month,doy,mpn,log10_mpn,exceeds,rain_24h,rain_48h,rain_72h,rain_7d,rain_coverage_7d,rain_year_ratio,rain_check,kewn_d1_3,kewn_d4_7,mrms_d1_3,mrms_d4_7,stage4_d1_3,stage4_d4_7,flow_cfs,flow_p80,flow_ratio,obs_salinity,obs_water_temp,deq_rainfall_in,prev_mpn,prev_salinity,prev_water_temp,days_since_prev
C100A,2002-10-28T11:14:00-05:00,False,2002,10,301,20.0,1.3010299956639813,False,0.0,0.01,0.03,0.12,0.994,1.006,ok,0.03,0.11,,,,,12.0,90.0,0.133,2.0,68.0,0.0,,,,
C100A,2002-11-15T10:09:00-05:00,False,2002,11,319,42.0,1.6232492903979006,False,0.01,0.19,0.69,0.98,1.0,1.006,ok,0.69,0.29,,,,,45.6,143.0,0.319,0.0,53.0,0.0,20.0,2.0,68.0,17.0
C100A,2002-12-30T10:11:00-05:00,False,2002,12,364,20.0,1.3010299956639813,False,0.0,0.0,0.0,0.43,1.0,1.006,ok,0.0,0.43,,,,,122.0,425.0,0.287,0.0,45.0,0.0,42.0,0.0,53.0,45.0
C100A,2003-01-14T13:07:00-05:00,False,2003,1,14,42.0,1.6232492903979006,False,0.0,0.0,0.0,0.0,0.994,0.973,ok,0.0,0.0,,,,,64.6,405.0,0.16,1.0,44.0,0.0,20.0,0.0,45.0,15.0
C100A,2003-02-14T09:35:00-05:00,False,2003,2,45,10.0,1.0,False,0.0,0.0,0.0,0.59,0.988,0.973,ok,0.0,1.32,,,,,178.0,477.0,0.373,0.0,48.0,0.0,42.0,1.0,44.0,30.0
C100A,2003-03-25T10:20:00-05:00,False,2003,3,84,10.0,1.0,False,0.0,0.0,0.01,1.72,0.994,0.973,ok,0.01,1.74,,,,,1430.0,363.0,3.939,0.0,65.0,0.0,10.0,0.0,48.0,39.0
C100A,2003-04-08T12:13:00-04:00,False,2003,4,98,124.0,2.093421685162235,True,0.36,0.51,0.54,0.54,0.994,0.973,ok,0.53,0.0,,,,,114.0,271.0,0.421,0.0,61.0,0.5,10.0,0.0,65.0,14.0
C100A,2003-04-22T10:56:00-04:00,False,2003,4,112,42.0,1.6232492903979006,False,0.0,0.01,0.01,0.19,1.0,0.973,ok,0.01,0.18,,,,,179.0,218.0,0.821,0.0,70.0,0.0,124.0,0.0,61.0,13.0
C100A,2003-05-14T11:12:00-04:00,False,2003,5,134,31.0,1.4913616938342726,False,0.0,0.0,0.0,0.02,1.0,0.973,ok,0.0,0.02,,,,,48.3,130.0,0.372,0.0,73.0,0.0,42.0,0.0,70.0,22.0
C100A,2003-05-29T11:21:00-04:00,False,2003,5,149,75.0,1.8750612633917,False,0.0,0.42,1.67,4.53,1.0,0.973,ok,1.96,2.57,,,,,1410.0,127.0,11.102,0.0,71.0,0.0,31.0,0.0,73.0,15.0
C100A,2003-06-09T10:35:00-04:00,False,2003,6,160,53.0,1.7242758696007892,False,0.52,1.78,1.78,2.0,1.0,0.973,ok,1.73,0.23,,,,,264.0,148.0,1.784,0.0,80.0,0.4,75.0,0.0,71.0,10.0
C100A,2003-06-23T11:03:00-04:00,False,2003,6,174,10.0,1.0,False,0.0,0.0,0.11,3.29,1.0,0.973,ok,0.11,3.33,,,,,386.0,146.0,2.644,0.0,78.0,0.0,53.0,0.0,80.0,14.0
C100A,2003-07-15T11:36:00-04:00,False,2003,7,196,10.0,1.0,False,0.12,0.82,0.88,2.08,0.994,0.973,ok,0.9,1.18,,,,,983.0,173.0,5.682,0.0,83.0,0.0,10.0,0.0,78.0,22.0
C100A,2003-07-29T12:10:00-04:00,False,2003,7,210,10.0,1.0,False,0.0,0.0,0.03,1.65,0.976,0.973,ok,0.03,1.62,,,,,794.0,169.0,4.698,0.0,82.0,0.0,10.0,0.0,83.0,14.0
C100A,2003-08-13T10:32:00-04:00,False,2003,8,225,31.0,1.4913616938342726,False,0.3,0.34,0.43,2.35,1.0,0.973,ok,1.06,1.33,,,,,374.0,304.0,1.23,0.0,80.0,0.0,10.0,0.0,82.0,14.0
C100A,2003-08-28T10:40:00-04:00,False,2003,8,240,20.0,1.3010299956639813,False,0.0,0.0,0.01,0.02,1.0,0.973,ok,0.01,0.02,,,,,138.0,267.0,0.517,0.0,85.0,0.0,31.0,0.0,80.0,15.0
C100A,2003-09-11T09:50:00-04:00,False,2003,9,254,42.0,1.6232492903979006,False,0.0,0.02,0.04,0.45,0.994,0.973,ok,0.04,0.41,,,,,41.4,210.0,0.197,4.0,80.0,0.0,20.0,0.0,85.0,13.0
C100A,2003-10-02T11:00:00-04:00,False,2003,10,275,10.0,1.0,False,0.0,0.0,0.0,1.23,0.875,0.973,ok,0.01,1.22,,,,,102.0,247.0,0.413,0.0,70.0,0.0,42.0,4.0,80.0,21.0
C100A,2003-10-21T09:45:00-04:00,False,2003,10,294,20.0,1.3010299956639813,False,0.01,0.02,0.02,0.94,1.0,0.973,ok,0.04,0.94,,,,,168.0,89.0,1.888,0.0,70.0,0.0,10.0,0.0,70.0,18.0
C100A,2003-11-17T09:16:00-05:00,False,2003,11,321,20.0,1.3010299956639813,False,0.0,0.0,0.0,0.01,1.0,0.973,ok,0.0,0.01,,,,,139.0,127.0,1.094,0.0,63.0,0.0,20.0,0.0,70.0,27.0
C100A,2003-12-16T10:30:00-05:00,False,2003,12,350,531.0,2.725094521081469,True,0.0,0.15,1.68,4.18,1.0,0.973,ok,1.68,2.5,,,,,1090.0,251.0,4.343,0.0,53.0,0.0,20.0,0.0,63.0,29.0
C100A,2004-01-13T11:15:00-05:00,False,2004,1,13,31.0,1.4913616938342726,False,0.0,0.0,0.0,0.16,0.994,0.985,ok,0.0,0.25,,,,,99.8,391.0,0.255,2.0,45.0,0.0,531.0,0.0,53.0,28.0
C100A,2004-02-23T11:45:00-05:00,False,2004,2,54,10.0,1.0,False,0.0,0.0,0.0,0.5,0.994,0.985,ok,0.0,0.86,,,,,407.0,402.0,1.012,0.0,50.0,0.0,31.0,2.0,45.0,41.0
C100A,2004-03-16T12:02:00-05:00,False,2004,3,76,1652.0,3.218010042984363,True,1.17,1.2,1.2,1.36,0.994,0.985,ok,0.06,0.16,,,,,76.5,358.0,0.214,0.0,51.0,1.0,10.0,0.0,50.0,22.0
C100A,2004-04-07T11:49:00-04:00,False,2004,4,98,20.0,1.3010299956639813,False,0.0,0.0,0.0,0.06,0.988,0.985,ok,0.0,0.54,,,,,53.1,295.0,0.18,0.0,55.0,0.0,1652.0,0.0,51.0,21.0
C100A,2004-04-22T12:40:00-04:00,False,2004,4,113,20.0,1.3010299956639813,False,0.0,0.0,0.0,0.0,1.0,0.985,ok,0.0,0.0,,,,,122.0,218.0,0.56,0.0,64.0,0.0,20.0,0.0,55.0,15.0
C100A,2004-05-06T09:47:00-04:00,False,2004,5,127,20.0,1.3010299956639813,False,0.0,0.0,0.66,3.04,0.994,0.985,ok,1.22,1.82,,,,,1420.0,201.0,7.065,0.0,73.0,0.0,20.0,0.0,64.0,13.0
C100A,2004-05-21T09:59:00-04:00,False,2004,5,142,42.0,1.6232492903979006,False,0.03,0.05,0.05,0.06,1.0,0.985,ok,0.05,0.01,,,,,38.3,154.0,0.249,0.0,78.0,1.0,20.0,0.0,73.0,15.0
C100A,2004-06-07T09:53:00-04:00,False,2004,6,159,9.0,0.9542425094393249,False,0.2,0.2,0.66,0.66,0.982,0.985,ok,0.66,0.01,,,,,56.1,158.0,0.355,4.0,80.0,0.0,42.0,0.0,78.0,16.0
C100A,2004-06-23T12:06:00-04:00,False,2004,6,175,9.0,0.9542425094393249,False,0.01,0.04,0.04,0.19,0.887,0.985,ok,0.18,0.0,,,,,233.0,146.0,1.596,0.0,79.0,0.0,9.0,4.0,80.0,16.0
C100A,2004-07-07T11:16:00-04:00,False,2004,7,189,9.0,0.9542425094393249,False,0.0,0.0,0.11,0.2,0.994,0.985,ok,0.11,0.09,,,,,436.0,348.0,1.253,2.0,84.0,0.0,9.0,0.0,79.0,13.0
C100A,2004-07-19T10:07:00-04:00,False,2004,7,201,10.0,1.0,False,0.11,0.58,0.58,0.62,0.988,0.985,ok,0.58,0.05,,,,,31.5,172.0,0.183,2.0,83.0,0.5,9.0,2.0,84.0,11.0
C100A,2004-08-04T10:45:00-04:00,False,2004,8,217,20.0,1.3010299956639813,False,0.04,1.61,1.61,1.9,0.988,0.985,ok,1.6,0.43,,,,,182.0,220.0,0.827,4.0,84.0,5.0,10.0,2.0,83.0,16.0
C100A,2004-08-18T09:40:00-04:00,False,2004,8,231,10.0,1.0,False,0.01,0.02,1.2,4.76,1.0,0.985,ok,1.19,3.56,,,,,3160.0,258.0,12.248,0.0,83.0,0.0,20.0,4.0,84.0,13.0
C100A,2004-09-15T10:14:00-04:00,False,2004,9,259,42.0,1.6232492903979006,False,0.06,0.06,0.06,1.43,0.994,0.985,ok,0.06,1.39,,,,,173.0,231.0,0.749,0.0,80.0,1.0,10.0,0.0,83.0,28.0
C100A,2004-09-27T09:20:00-04:00,False,2004,9,271,99.0,1.99563519459755,False,0.42,0.42,0.42,0.43,1.0,0.985,ok,0.02,0.01,,,,,64.7,132.0,0.49,0.0,73.0,1.0,42.0,0.0,80.0,11.0
C100A,2004-10-04T10:00:00-04:00,False,2004,10,278,31.0,1.4913616938342726,False,0.0,0.01,0.16,0.46,0.94,0.985,ok,0.17,0.69,,,,,95.1,250.0,0.38,0.0,79.0,0.0,99.0,0.0,73.0,7.0
C100A,2004-10-20T09:57:00-04:00,False,2004,10,294,150.0,2.1760912590556813,True,0.05,0.24,0.24,1.14,0.988,0.985,ok,0.25,0.89,,,,,126.0,89.0,1.416,0.0,76.0,0.4,31.0,0.0,79.0,15.0
C100A,2004-10-26T11:35:00-04:00,False,2004,10,300,10.0,1.0,False,0.0,0.02,0.03,0.11,0.982,0.985,ok,0.03,0.27,,,,,49.7,70.0,0.71,5.0,63.0,0.0,150.0,0.0,76.0,6.0
C100A,2004-11-15T10:24:00-05:00,False,2004,11,320,124.0,2.093421685162235,True,0.0,0.0,1.14,1.14,1.0,0.985,ok,1.14,0.0,,,,,251.0,143.0,1.755,0.0,60.0,0.0,10.0,5.0,63.0,19.0
C100A,2004-12-22T10:37:00-05:00,False,2004,12,357,10.0,1.0,False,0.0,0.0,0.0,0.04,1.0,0.985,ok,0.0,0.04,,,,,77.2,283.0,0.273,0.0,44.0,0.0,124.0,0.0,60.0,37.0
C100A,2005-01-11T10:54:00-05:00,False,2005,1,11,31.0,1.4913616938342726,False,0.0,0.0,0.0,0.0,1.0,0.931,ok,0.0,0.0,,,,,71.3,371.0,0.192,0.0,55.0,0.0,10.0,0.0,44.0,20.0
C100A,2005-02-21T10:05:00-05:00,False,2005,2,52,75.0,1.8750612633917,False,0.02,0.02,0.02,0.49,1.0,0.931,ok,0.0,0.48,,,,,61.1,480.0,0.127,2.0,52.0,0.0,31.0,0.0,55.0,40.0
C100A,2005-03-21T09:26:00-05:00,False,2005,3,80,31.0,1.4913616938342726,False,0.0,0.35,0.35,1.37,1.0,0.931,ok,0.35,1.02,,,,,184.0,452.0,0.407,0.0,53.0,0.0,75.0,2.0,52.0,27.0
C100A,2005-04-07T09:10:00-04:00,False,2005,4,97,9.0,0.9542425094393249,False,0.0,0.0,0.0,1.31,0.994,0.931,ok,0.0,1.31,,,,,394.0,295.0,1.336,0.0,60.0,0.0,31.0,0.0,53.0,16.0
C100A,2005-04-21T09:15:00-04:00,False,2005,4,111,20.0,1.3010299956639813,False,0.0,0.0,0.0,0.0,0.982,0.931,ok,0.0,0.0,,,,,260.0,259.0,1.004,0.0,67.0,0.0,9.0,0.0,60.0,14.0
C100A,2005-05-11T10:50:00-04:00,False,2005,5,131,10.0,1.0,False,0.0,0.0,0.0,3.58,1.0,0.931,ok,0.0,3.58,,,,,581.0,156.0,3.724,1.0,62.0,0.0,20.0,0.0,67.0,20.0
C100A,2005-05-26T09:29:00-04:00,False,2005,5,146,9.0,0.9542425094393249,False,0.0,0.12,0.12,1.02,0.994,0.931,ok,0.21,0.81,,,,,102.0,152.0,0.671,1.0,70.0,0.0,10.0,1.0,62.0,14.0
C100A,2005-06-15T09:21:00-04:00,False,2005,6,166,10.0,1.0,False,0.0,0.02,0.02,0.73,1.0,0.931,ok,0.02,0.71,,,,,105.0,141.0,0.745,1.0,81.0,0.0,9.0,1.0,70.0,19.0
C100A,2005-06-27T10:01:00-04:00,False,2005,6,178,31.0,1.4913616938342726,False,0.21,0.29,0.29,0.29,0.988,0.931,ok,0.27,0.0,,,,,15.1,166.0,0.091,4.0,83.0,0.25,10.0,1.0,81.0,12.0
C100A,2005-07-12T11:45:00-04:00,False,2005,7,193,9.0,0.9542425094393249,False,0.03,0.04,0.04,0.04,1.0,0.931,ok,0.04,0.0,,,,,74.0,169.0,0.438,2.0,87.0,0.0,31.0,4.0,83.0,15.0
C100A,2005-07-27T09:22:00-04:00,False,2005,7,208,9.0,0.9542425094393249,False,0.0,0.0,0.0,0.0,0.476,0.931,ok,0.0,0.0,,,,,60.5,150.0,0.403,0.0,89.0,0.0,9.0,2.0,87.0,14.0
C100A,2005-08-11T11:15:00-04:00,False,2005,8,223,9.0,0.9542425094393249,False,0.0,0.05,0.06,0.08,0.982,0.931,ok,0.06,0.02,,,,,27.4,203.0,0.135,2.0,85.0,0.0,9.0,0.0,89.0,15.0
C100A,2005-08-24T09:23:00-04:00,False,2005,8,236,10.0,1.0,False,0.43,0.43,0.45,0.45,0.994,0.931,ok,0.45,0.11,,,,,12.6,250.0,0.05,4.0,83.0,1.0,9.0,2.0,85.0,12.0
C100A,2005-09-23T10:23:00-04:00,False,2005,9,266,10.0,1.0,False,0.0,0.0,0.0,0.13,0.964,0.931,ok,0.01,0.12,,,,,116.0,144.0,0.806,2.0,83.0,0.0,10.0,4.0,83.0,30.0
C100A,2005-10-20T10:40:00-04:00,False,2005,10,293,9.0,0.9542425094393249,False,0.0,0.0,0.0,0.0,1.0,0.931,ok,0.0,0.0,,,,,178.0,89.0,2.0,1.0,68.0,0.0,10.0,2.0,83.0,27.0
C100A,2005-11-03T11:33:00-05:00,False,2005,11,307,20.0,1.3010299956639813,False,0.0,0.0,0.0,0.32,0.988,0.931,ok,0.0,0.32,,,,,158.0,100.0,1.58,2.0,63.0,0.0,9.0,1.0,68.0,14.0
C100A,2005-12-21T09:10:00-05:00,False,2005,12,355,137.0,2.1367205671564067,True,0.0,0.0,0.06,2.01,1.0,0.931,ok,0.79,1.22,,,,,503.0,253.0,1.988,2.0,48.0,0.0,20.0,2.0,63.0,47.0
C100A,2006-01-24T09:25:00-05:00,False,2006,1,24,99.0,1.99563519459755,False,0.54,0.63,1.02,1.1,1.0,0.949,ok,0.86,0.11,,,,,210.0,367.0,0.572,1.0,48.0,1.25,137.0,2.0,48.0,34.0
C100A,2006-02-21T09:25:00-05:00,False,2006,2,52,42.0,1.6232492903979006,False,0.03,0.09,0.11,0.11,0.982,0.949,ok,0.08,0.0,,,,,83.6,480.0,0.174,2.0,49.0,0.5,99.0,1.0,48.0,28.0
C100A,2006-03-17T11:46:00-05:00,False,2006,3,76,20.0,1.3010299956639813,False,0.0,0.0,0.33,0.44,0.976,0.949,ok,0.44,0.0,,,,,46.5,375.0,0.124,2.0,55.0,0.0,42.0,2.0,49.0,24.0
C100A,2006-04-11T09:40:00-04:00,False,2006,4,101,10.0,1.0,False,0.0,0.0,1.06,1.06,0.988,0.949,ok,1.06,0.0,,,,,70.0,352.0,0.199,2.0,63.0,0.0,20.0,2.0,55.0,24.0
C100A,2006-04-30T10:10:00-04:00,False,2006,4,120,75.0,1.8750612633917,False,0.0,0.0,0.65,1.33,0.97,0.949,ok,0.91,0.68,,,,,81.9,183.0,0.448,4.0,65.0,0.9,10.0,2.0,63.0,19.0
C100A,2006-05-10T08:56:00-04:00,False,2006,5,130,9.0,0.9542425094393249,False,0.0,0.0,1.1,1.21,0.976,0.949,ok,1.1,0.11,,,,,125.0,158.0,0.791,2.0,64.0,0.0,75.0,4.0,65.0,9.0
C100A,2006-05-24T09:00:00-04:00,False,2006,5,144,9.0,0.9542425094393249,False,0.0,0.0,0.0,0.52,0.964,0.949,ok,0.03,0.49,,,,,73.5,184.0,0.399,2.0,70.0,0.0,9.0,2.0,64.0,14.0
C100A,2006-06-13T10:46:00-04:00,False,2006,6,164,75.0,1.8750612633917,False,1.44,2.0,2.0,2.2,0.982,0.949,ok,2.0,0.2,,,,,46.5,164.0,0.284,4.0,76.0,0.0,9.0,2.0,70.0,20.0
C100A,2006-07-12T09:29:00-04:00,False,2006,7,193,9.0,0.9542425094393249,False,0.01,0.01,0.01,1.15,0.988,0.949,ok,0.0,1.14,,,,,411.0,169.0,2.432,2.0,83.0,0.0,75.0,4.0,76.0,28.0
C100A,2006-07-27T10:15:00-04:00,False,2006,7,208,10.0,1.0,False,0.0,3.4,3.42,3.95,0.958,0.949,ok,3.42,0.59,,,,,122.0,150.0,0.813,2.0,81.0,0.0,9.0,2.0,83.0,15.0
C100A,2006-08-16T09:15:00-04:00,False,2006,8,228,9.0,0.9542425094393249,False,0.0,0.0,0.0,0.5,0.994,0.949,ok,0.0,0.51,,,,,64.5,259.0,0.249,2.0,83.0,0.0,10.0,2.0,81.0,19.0
C100A,2006-08-30T09:54:00-04:00,False,2006,8,242,9.0,0.9542425094393249,False,0.0,0.0,0.04,0.07,0.994,0.949,ok,0.05,0.27,,,,,121.0,166.0,0.729,4.0,81.0,0.0,9.0,2.0,83.0,14.0
C100A,2006-09-14T10:32:00-04:00,False,2006,9,257,42.0,1.6232492903979006,False,0.28,0.28,0.28,0.31,0.994,0.949,ok,0.12,0.02,,,,,452.0,257.0,1.759,0.0,80.0,0.4,9.0,4.0,81.0,15.0
C100A,2006-09-26T09:47:00-04:00,False,2006,9,269,20.0,1.3010299956639813,False,0.01,0.02,0.02,1.65,1.0,0.949,ok,0.02,1.63,,,,,620.0,144.0,4.306,2.0,74.0,0.0,42.0,0.0,80.0,11.0
C100A,2006-10-10T11:38:00-04:00,False,2006,10,283,20.0,1.3010299956639813,False,0.04,0.56,1.08,1.3,1.0,0.949,ok,1.08,0.22,,,,,78.3,135.0,0.58,6.0,73.0,1.0,20.0,2.0,74.0,14.0
C100A,2006-10-24T10:05:00-04:00,False,2006,10,297,31.0,1.4913616938342726,False,0.0,0.19,0.19,0.74,1.0,0.949,ok,0.19,0.55,,,,,78.0,77.0,1.013,4.0,66.0,0.0,20.0,6.0,73.0,13.0
C100A,2006-11-20T12:07:00-05:00,False,2006,11,324,99.0,1.99563519459755,False,0.0,0.0,0.0,0.74,0.952,0.949,ok,0.0,0.74,,,,,505.0,130.0,3.885,2.0,53.0,0.0,31.0,4.0,66.0,27.0
C100A,2006-12-18T09:39:00-05:00,False,2006,12,352,20.0,1.3010299956639813,False,0.0,0.0,0.0,0.03,0.964,0.949,ok,0.0,0.03,,,,,112.0,300.0,0.373,2.0,49.0,0.0,99.0,2.0,53.0,27.0
C100A,2007-01-25T09:16:00-05:00,False,2007,1,25,64.0,1.806179973983887,False,0.0,0.0,0.0,1.21,0.994,0.983,ok,0.71,0.57,,,,,373.0,414.0,0.901,2.0,41.0,0.0,20.0,2.0,49.0,37.0
C100A,2007-02-07T09:26:00-05:00,False,2007,2,38,20.0,1.3010299956639813,False,0.0,0.0,0.0,1.18,1.0,0.983,ok,0.0,1.18,,,,,511.0,460.0,1.111,0.0,39.0,0.0,64.0,2.0,41.0,13.0
C100A,2007-03-13T10:50:00-04:00,False,2007,3,72,10.0,1.0,False,0.0,0.0,0.0,0.0,0.994,0.983,ok,0.0,0.0,,,,,114.0,376.0,0.303,2.0,58.0,0.0,20.0,0.0,39.0,34.0
C100A,2007-04-04T09:25:00-04:00,False,2007,4,94,31.0,1.4913616938342726,False,0.22,0.22,0.29,0.31,0.994,0.983,ok,0.07,0.02,,,,,41.5,395.0,0.105,0.0,64.0,0.3,10.0,2.0,58.0,21.0
C100A,2007-04-19T09:33:00-04:00,False,2007,4,109,9.0,0.9542425094393249,False,0.0,0.0,0.0,3.54,0.994,0.983,ok,0.02,3.61,,,,,584.0,282.0,2.071,2.0,54.0,0.0,31.0,0.0,64.0,15.0
C100A,2007-05-02T09:15:00-04:00,False,2007,5,122,9.0,0.9542425094393249,False,0.0,0.0,0.0,0.0,0.994,0.983,ok,0.0,0.0,,,,,37.5,174.0,0.216,2.0,67.0,0.0,9.0,2.0,54.0,12.0
C100A,2007-05-16T09:57:00-04:00,False,2007,5,136,9.0,0.9542425094393249,False,0.0,0.0,0.0,0.31,0.982,0.983,ok,0.0,0.45,,,,,119.0,96.0,1.24,2.0,67.0,0.0,9.0,2.0,67.0,14.0
C100A,2007-06-07T10:27:00-04:00,False,2007,6,158,9.0,0.9542425094393249,False,0.0,0.0,0.0,2.47,1.0,0.983,ok,0.0,2.47,,,,,39.9,158.0,0.253,2.0,76.0,0.0,9.0,2.0,67.0,22.0
C100A,2007-06-18T09:49:00-04:00,False,2007,6,169,9.0,0.9542425094393249,False,0.0,0.44,0.44,0.73,1.0,0.983,ok,0.44,0.29,,,,,11.0,149.0,0.074,4.0,79.0,0.0,9.0,2.0,76.0,10.0
C100A,2007-07-05T11:31:00-04:00,False,2007,7,186,9.0,0.9542425094393249,False,0.0,0.0,0.0,0.55,1.0,0.983,ok,0.0,0.55,,,,,4.68,319.0,0.015,2.0,80.0,0.0,9.0,4.0,79.0,17.0
C100A,2007-07-19T10:28:00-04:00,False,2007,7,200,9.0,0.9542425094393249,False,0.0,0.35,0.36,1.35,1.0,0.983,ok,0.36,0.99,,,,,5.8,172.0,0.034,10.0,83.0,1.5,9.0,2.0,80.0,13.0
C100A,2007-08-02T09:24:00-04:00,False,2007,8,214,9.0,0.9542425094393249,False,0.0,0.02,0.35,1.65,1.0,0.983,ok,0.35,1.3,,,,,7.86,223.0,0.035,6.0,80.0,0.0,9.0,10.0,83.0,13.0
C100A,2007-08-16T10:37:00-04:00,False,2007,8,228,9.0,0.9542425094393249,False,0.0,0.0,0.0,0.07,0.619,0.983,ok,0.0,0.07,,,,,5.0,259.0,0.019,8.0,80.0,0.0,9.0,6.0,80.0,14.0
C100A,2007-09-04T11:20:00-04:00,False,2007,9,247,9.0,0.9542425094393249,False,0.0,0.0,0.0,0.0,0.815,0.983,ok,0.0,0.0,,,,,1.63,190.0,0.009,11.0,78.0,0.0,9.0,8.0,80.0,19.0
C100A,2007-09-21T11:11:00-04:00,False,2007,9,264,10.0,1.0,False,0.49,0.59,0.59,1.08,0.994,0.983,ok,0.51,0.49,,,,,2.32,165.0,0.014,8.0,75.0,1.5,9.0,11.0,78.0,16.0
C100A,2007-10-08T09:34:00-04:00,False,2007,10,281,10.0,1.0,False,0.0,0.08,0.15,0.15,1.0,0.983,ok,0.15,0.0,,,,,0.78,172.0,0.005,6.0,74.0,0.0,10.0,8.0,75.0,16.0
C100A,2007-10-17T09:23:00-04:00,False,2007,10,290,9.0,0.9542425094393249,False,0.0,0.01,0.01,0.02,0.964,0.983,ok,0.01,0.01,,,,,0.65,121.0,0.005,12.0,70.0,0.0,10.0,6.0,74.0,8.0
C100A,2007-11-20T09:28:00-05:00,False,2007,11,324,20.0,1.3010299956639813,False,0.0,0.0,0.0,0.35,0.988,0.983,ok,0.0,0.35,,,,,4.5,130.0,0.035,6.0,51.0,0.0,9.0,12.0,70.0,34.0
C100A,2007-12-18T09:56:00-05:00,False,2007,12,352,31.0,1.4913616938342726,False,0.0,0.12,1.49,1.5,0.994,0.983,ok,1.49,0.01,,,,,18.9,300.0,0.063,10.0,45.0,0.0,20.0,6.0,51.0,28.0
C100A,2008-01-09T10:10:00-05:00,False,2008,1,9,10.0,1.0,False,0.0,0.0,0.0,0.0,0.994,0.968,ok,0.0,0.0,,,,,26.1,407.0,0.064,5.0,49.0,0.0,31.0,10.0,45.0,22.0
C100A,2008-02-19T09:51:00-05:00,False,2008,2,50,87.0,1.9395192526186185,False,0.07,0.32,0.32,1.56,0.994,0.968,ok,0.32,1.24,,,,,330.0,545.0,0.606,2.0,49.0,0.0,10.0,5.0,49.0,40.0
C100A,2008-03-17T11:00:00-04:00,False,2008,3,77,53.0,1.7242758696007892,False,0.0,0.47,0.47,0.47,0.994,0.968,ok,0.47,0.0,,,,,116.0,375.0,0.309,0.0,53.0,0.0,87.0,2.0,49.0,27.0
C100A,2008-04-10T10:14:00-04:00,False,2008,4,101,42.0,1.6232492903979006,False,0.0,0.0,0.0,1.98,0.97,0.968,ok,0.0,1.98,,,,,922.0,284.0,3.246,2.0,52.0,0.0,53.0,0.0,53.0,23.0
C100A,2008-04-25T10:53:00-04:00,False,2008,4,116,9.0,0.9542425094393249,False,0.0,0.03,0.16,1.73,0.988,0.968,ok,0.86,0.87,,,,,61.6,183.0,0.337,2.0,64.0,0.0,42.0,2.0,52.0,15.0
C100A,2008-05-15T09:52:00-04:00,False,2008,5,136,9.0,0.9542425094393249,False,0.0,0.0,0.0,0.83,1.0,0.968,ok,0.0,0.83,,,,,53.5,120.0,0.446,1.0,61.0,0.0,9.0,2.0,64.0,19.0
C100A,2008-05-29T10:20:00-04:00,False,2008,5,150,20.0,1.3010299956639813,False,0.47,0.47,0.47,0.57,1.0,0.968,ok,0.47,0.1,,,,,11.9,127.0,0.094,2.0,66.0,0.4,9.0,1.0,61.0,14.0
C100A,2008-06-10T09:16:00-04:00,False,2008,6,162,9.0,0.9542425094393249,False,0.0,0.0,0.0,0.0,1.0,0.968,ok,0.0,0.0,,,,,5.45,162.0,0.034,2.0,82.0,0.0,20.0,2.0,66.0,11.0
C100A,2008-06-19T09:35:00-04:00,False,2008,6,171,9.0,0.9542425094393249,False,0.0,0.0,0.0,0.0,1.0,0.968,ok,0.0,0.0,,,,,1.63,177.0,0.009,8.0,78.0,0.0,9.0,2.0,82.0,9.0
C100A,2008-07-10T10:10:00-04:00,False,2008,7,192,31.0,1.4913616938342726,False,0.01,0.41,0.41,2.52,1.0,0.968,ok,0.43,2.09,,,,,1.16,149.0,0.008,5.0,80.0,0.0,9.0,8.0,78.0,21.0
C100A,2008-07-22T10:49:00-04:00,False,2008,7,204,9.0,0.9542425094393249,False,0.0,0.03,0.82,0.85,0.994,0.968,ok,0.82,0.03,,,,,0.81,120.0,0.007,6.0,83.0,0.0,31.0,5.0,80.0,12.0
C100A,2008-08-07T09:40:00-04:00,False,2008,8,220,9.0,0.9542425094393249,False,0.0,0.0,0.0,0.85,1.0,0.968,ok,0.0,0.85,,,,,0.97,251.0,0.004,12.0,85.0,0.0,9.0,6.0,83.0,15.0
C100A,2008-08-18T10:34:00-04:00,False,2008,8,231,9.0,0.9542425094393249,False,0.0,0.0,0.0,0.98,1.0,0.968,ok,0.0,1.16,,,,,24.9,258.0,0.097,10.0,81.0,0.0,9.0,12.0,85.0,11.0
C100A,2008-09-03T10:28:00-04:00,False,2008,9,247,9.0,0.9542425094393249,False,0.0,0.0,0.02,1.5,0.988,0.968,ok,0.02,1.83,,,,,3.55,175.0,0.02,6.0,78.0,0.0,9.0,10.0,81.0,15.0
C100A,2008-09-16T10:27:00-04:00,False,2008,9,260,207.0,2.315970345456918,True,0.76,0.76,0.76,1.62,0.988,0.968,ok,0.76,0.86,,,,,11.0,247.0,0.045,4.0,80.0,0.75,9.0,6.0,78.0,12.0
C100A,2008-10-08T11:02:00-04:00,False,2008,10,282,87.0,1.9395192526186185,False,0.0,0.0,0.0,0.2,0.994,0.968,ok,0.0,0.2,,,,,17.0,172.0,0.099,4.0,68.0,0.0,207.0,4.0,80.0,22.0
C100A,2008-10-22T10:09:00-04:00,False,2008,10,296,20.0,1.3010299956639813,False,0.0,0.0,0.0,0.78,1.0,0.968,ok,0.0,0.78,,,,,10.9,83.0,0.131,10.0,60.0,0.0,87.0,4.0,68.0,13.0
C100A,2008-11-17T10:11:00-05:00,False,2008,11,322,31.0,1.4913616938342726,False,0.0,0.02,0.12,0.31,0.982,0.968,ok,0.13,0.18,,,,,27.0,127.0,0.213,4.0,57.0,0.0,20.0,10.0,60.0,26.0
C100A,2008-12-03T09:55:00-05:00,False,2008,12,338,9.0,0.9542425094393249,False,0.05,0.08,0.28,0.78,0.982,0.968,ok,0.51,0.27,,,,,30.7,194.0,0.158,5.0,45.0,0.0,31.0,4.0,57.0,15.0
C100A,2009-01-26T11:13:00-05:00,False,2009,1,26,20.0,1.3010299956639813,False,0.0,0.01,0.01,0.05,0.994,0.97,ok,0.01,0.04,,,,,109.0,531.0,0.205,0.0,40.0,0.0,9.0,5.0,45.0,54.0
C100A,2009-02-26T09:47:00-05:00,False,2009,2,57,9.0,0.9542425094393249,False,0.0,0.0,0.0,0.02,1.0,0.97,ok,0.0,0.23,,,,,60.4,399.0,0.151,2.0,47.0,0.0,20.0,0.0,40.0,30.0
C100A,2009-03-19T09:51:00-04:00,False,2009,3,78,10.0,1.0,False,0.0,0.0,0.42,0.86,1.0,0.97,ok,0.51,0.35,,,,,124.0,414.0,0.3,1.0,51.0,0.0,9.0,2.0,47.0,20.0
C100A,2009-04-14T09:47:00-04:00,False,2009,4,104,20.0,1.3010299956639813,False,0.1,0.1,0.1,0.42,1.0,0.97,ok,0.32,0.0,,,,,37.5,339.0,0.111,0.0,55.0,0.0,10.0,1.0,51.0,25.0
C100A,2009-04-27T09:30:00-04:00,False,2009,4,117,10.0,1.0,False,0.01,0.01,0.01,0.35,0.994,0.97,ok,0.0,0.34,,,,,34.5,165.0,0.209,1.0,67.0,0.0,20.0,0.0,55.0,12.0
C100A,2009-05-21T11:08:00-04:00,False,2009,5,141,20.0,1.3010299956639813,False,0.0,0.0,0.0,3.24,1.0,0.97,ok,0.29,2.95,,,,,386.0,154.0,2.506,2.0,63.0,0.0,10.0,1.0,67.0,24.0
C100A,2009-05-27T11:11:00-04:00,False,2009,5,147,20.0,1.3010299956639813,False,0.0,0.09,0.39,0.4,0.994,0.97,ok,0.4,0.0,,,,,56.1,119.0,0.471,0.0,70.0,0.0,20.0,2.0,63.0,6.0
C100A,2009-06-03T09:44:00-04:00,False,2009,6,154,9.0,0.9542425094393249,False,0.0,0.01,0.01,1.12,1.0,0.97,ok,0.02,1.1,,,,,24.3,154.0,0.158,5.0,77.0,0.0,20.0,0.0,70.0,6.0
C100A,2009-06-24T09:48:00-04:00,False,2009,6,175,124.0,2.093421685162235,True,0.0,0.12,0.12,0.34,1.0,0.97,ok,0.12,0.22,,,,,12.5,154.0,0.081,5.0,77.0,0.0,9.0,5.0,77.0,21.0
C100A,2009-07-14T09:52:00-04:00,False,2009,7,195,9.0,0.9542425094393249,False,0.61,0.61,0.61,0.61,0.994,0.97,ok,0.61,0.0,,,,,2.84,178.0,0.016,8.0,75.0,2.0,124.0,5.0,77.0,20.0
C100A,2009-07-30T09:41:00-04:00,False,2009,7,211,9.0,0.9542425094393249,False,0.02,0.02,0.02,0.64,1.0,0.97,ok,0.02,0.65,,,,,3.95,162.0,0.024,2.0,81.0,0.0,9.0,8.0,75.0,15.0
C100A,2009-08-11T09:57:00-04:00,False,2009,8,223,9.0,0.9542425094393249,False,0.0,0.0,0.0,1.36,1.0,0.97,ok,0.0,1.37,,,,,15.9,203.0,0.078,2.0,81.0,0.0,9.0,2.0,81.0,12.0
C100A,2009-08-26T09:43:00-04:00,False,2009,8,238,9.0,0.9542425094393249,False,0.01,0.01,0.13,1.39,0.994,0.97,ok,0.18,1.2,,,,,13.7,213.0,0.064,5.0,81.0,0.0,9.0,2.0,81.0,14.0
C100A,2009-09-16T09:31:00-04:00,False,2009,9,259,9.0,0.9542425094393249,False,0.0,0.01,0.01,0.03,1.0,0.97,ok,0.02,0.01,,,,,15.7,247.0,0.064,5.0,75.0,0.0,9.0,5.0,81.0,20.0
C100A,2009-09-28T09:50:00-04:00,False,2009,9,271,9.0,0.9542425094393249,False,0.23,0.37,0.88,1.12,0.988,0.97,ok,0.88,0.25,,,,,46.1,139.0,0.332,6.0,73.0,1.4,9.0,5.0,75.0,12.0
C100A,2009-10-13T10:40:00-04:00,False,2009,10,286,20.0,1.3010299956639813,False,0.29,0.29,0.33,0.33,1.0,0.97,ok,0.32,0.04,,,,,14.4,110.0,0.131,10.0,66.0,0.0,9.0,6.0,73.0,15.0
C100A,2009-10-29T11:26:00-04:00,False,2009,10,302,9.0,0.9542425094393249,False,0.01,0.05,0.23,0.41,1.0,0.97,ok,0.34,0.06,,,,,8.5,92.0,0.092,10.0,62.0,0.0,20.0,10.0,66.0,16.0
C100A,2009-11-19T11:06:00-05:00,False,2009,11,323,111.0,2.0453229787866576,True,0.96,0.96,0.97,1.28,0.988,0.97,ok,0.88,2.94,,,,,463.0,130.0,3.562,2.0,61.0,0.4,9.0,10.0,62.0,21.0
C100A,2009-12-02T11:26:00-05:00,False,2009,12,336,42.0,1.6232492903979006,False,0.0,0.15,0.15,0.16,1.0,0.97,ok,0.15,0.01,,,,,191.0,166.0,1.151,2.0,51.0,0.0,111.0,2.0,61.0,13.0
C100A,2010-02-17T09:53:00-05:00,False,2010,2,48,20.0,1.3010299956639813,False,0.0,0.04,0.04,0.28,0.946,1.002,ok,0.04,0.24,,,,,379.0,498.0,0.761,0.0,41.0,0.0,42.0,2.0,51.0,76.0
C100A,2010-03-24T10:10:00-04:00,False,2010,3,83,64.0,1.806179973983887,False,0.0,0.12,0.22,0.26,0.994,1.002,ok,0.22,0.04,,,,,111.0,411.0,0.27,0.0,55.0,0.0,20.0,0.0,41.0,34.0
C100A,2010-04-15T09:24:00-04:00,False,2010,4,105,42.0,1.6232492903979006,False,0.0,0.0,0.01,0.18,1.0,1.002,ok,0.01,0.17,,,,,28.0,322.0,0.087,0.0,61.0,0.0,64.0,0.0,55.0,21.0
C100A,2010-04-29T09:42:00-04:00,False,2010,4,119,9.0,0.9542425094393249,False,0.0,0.01,0.01,0.13,1.0,1.002,ok,0.01,0.12,,,,,14.7,170.0,0.086,2.0,64.0,0.0,42.0,0.0,61.0,14.0
C100A,2010-05-13T09:00:00-04:00,False,2010,5,133,9.0,0.9542425094393249,False,0.0,0.0,0.0,0.0,1.0,1.002,ok,0.0,0.0,,,,,6.2,136.0,0.046,4.0,68.0,0.0,9.0,2.0,64.0,13.0
C100A,2010-05-27T09:47:00-04:00,False,2010,5,147,31.0,1.4913616938342726,False,0.0,0.02,0.02,0.35,0.994,1.002,ok,0.03,0.32,,,,,15.3,119.0,0.129,1.0,72.0,0.5,9.0,4.0,68.0,14.0
C100A,2010-06-08T09:03:00-04:00,False,2010,6,159,9.0,0.9542425094393249,False,0.0,0.0,0.0,2.37,1.0,1.002,ok,0.0,2.37,,,,,6.89,164.0,0.042,1.0,80.0,0.0,31.0,1.0,72.0,11.0
C100A,2010-06-23T09:47:00-04:00,False,2010,6,174,9.0,0.9542425094393249,False,0.0,0.0,0.46,2.93,1.0,1.002,ok,0.46,2.53,,,,,60.6,146.0,0.415,2.0,83.0,0.0,9.0,1.0,80.0,15.0
C100A,2010-07-21T09:19:00-04:00,False,2010,7,202,9.0,0.9542425094393249,False,0.02,0.02,0.03,0.15,1.0,1.002,ok,0.06,0.27,,,,,23.0,155.0,0.148,2.0,81.0,0.0,9.0,2.0,83.0,27.0
C100A,2010-08-03T09:50:00-04:00,False,2010,8,215,20.0,1.3010299956639813,False,0.0,0.24,0.38,1.38,1.0,1.002,ok,0.38,1.0,,,,,5.42,221.0,0.025,5.0,82.0,0.0,9.0,2.0,81.0,13.0
C100A,2010-08-17T09:06:00-04:00,False,2010,8,229,10.0,1.0,False,0.0,0.0,0.0,1.6,1.0,1.002,ok,0.0,1.6,,,,,2.6,232.0,0.011,4.0,84.0,0.0,20.0,5.0,82.0,13.0
C100A,2010-09-15T09:36:00-04:00,False,2010,9,258,9.0,0.9542425094393249,False,0.0,0.0,0.0,0.68,1.0,1.002,ok,0.67,0.02,,,,,4.4,231.0,0.019,6.0,75.0,0.0,10.0,4.0,84.0,29.0
C100A,2010-10-13T10:02:00-04:00,False,2010,10,286,10.0,1.0,False,0.0,0.01,0.01,0.03,1.0,1.002,ok,0.02,0.02,,,,,136.0,110.0,1.236,0.0,65.0,0.0,9.0,6.0,75.0,28.0
C100A,2010-10-19T09:37:00-04:00,False,2010,10,292,20.0,1.3010299956639813,False,0.0,0.0,0.0,0.13,1.0,1.002,ok,0.0,0.14,,,,,68.5,102.0,0.672,6.0,62.0,0.0,10.0,0.0,65.0,5.0
C100A,2010-11-22T08:55:00-05:00,False,2010,11,326,31.0,1.4913616938342726,False,0.0,0.0,0.0,0.14,0.988,1.002,ok,0.0,0.14,,,,,38.0,115.0,0.33,2.0,55.0,0.0,20.0,6.0,62.0,34.0
C100A,2010-12-21T09:30:00-05:00,False,2010,12,355,9.0,0.9542425094393249,False,0.0,0.0,0.49,0.51,1.0,1.002,ok,0.49,0.02,,,,,117.0,253.0,0.462,6.0,35.0,0.0,31.0,2.0,55.0,29.0
C100A,2011-01-25T09:30:00-05:00,False,2011,1,25,87.0,1.9395192526186185,False,0.08,0.08,0.08,0.26,1.0,0.781,ok,0.0,0.49,,,,,129.0,414.0,0.312,5.0,35.0,0.0,9.0,6.0,35.0,35.0
C100A,2011-02-17T10:00:00-05:00,False,2011,2,48,9.0,0.9542425094393249,False,0.0,0.0,0.0,0.2,1.0,0.781,ok,0.0,0.44,,,,,253.0,498.0,0.508,0.0,46.0,0.0,87.0,5.0,35.0,23.0
C100A,2011-03-22T09:19:00-04:00,False,2011,3,81,1298.0,3.1132746924643504,True,0.0,0.0,0.0,0.16,0.988,0.781,ok,0.0,0.16,,,,,68.0,443.0,0.153,2.0,56.0,0.0,9.0,0.0,46.0,32.0
C100A,2011-04-13T09:00:00-04:00,False,2011,4,103,42.0,1.6232492903979006,False,0.04,0.04,0.04,0.68,0.994,0.781,ok,0.12,0.56,,,,,105.0,332.0,0.316,0.0,63.0,0.0,1298.0,2.0,56.0,21.0
C100A,2011-04-27T11:06:00-04:00,False,2011,4,117,31.0,1.4913616938342726,False,0.32,0.44,0.45,0.55,0.994,0.781,ok,0.39,0.1,,,,,37.1,165.0,0.225,0.0,69.0,0.7,42.0,0.0,63.0,14.0
C100A,2011-05-11T09:14:00-04:00,False,2011,5,131,20.0,1.3010299956639813,False,0.0,0.0,0.05,0.15,1.018,0.781,ok,0.06,0.09,,,,,23.6,156.0,0.151,3.0,69.0,0.0,31.0,0.0,69.0,13.0
C100A,2011-05-25T09:18:00-04:00,False,2011,5,145,364.0,2.561101383649056,True,0.0,0.0,0.0,0.0,0.827,0.781,ok,0.0,0.0,,,,,6.71,200.0,0.034,2.0,76.0,0.0,20.0,3.0,69.0,14.0
C100A,2011-06-14T09:20:00-04:00,False,2011,6,165,87.0,1.9395192526186185,False,0.0,0.12,0.12,0.12,0.994,0.781,ok,0.12,0.0,,,,,3.04,149.0,0.02,5.0,78.0,0.7,364.0,2.0,76.0,20.0
C100A,2011-06-28T09:37:00-04:00,False,2011,6,179,42.0,1.6232492903979006,False,0.72,0.72,0.72,1.68,1.006,0.781,ok,0.72,0.96,,,,,3.33,150.0,0.022,6.0,81.0,0.0,87.0,5.0,78.0,14.0
C100A,2011-07-12T09:22:00-04:00,False,2011,7,193,9.0,0.9542425094393249,False,0.0,0.0,0.0,1.52,1.0,0.781,ok,0.0,1.52,,,,,0.46,169.0,0.003,4.0,83.0,0.0,42.0,6.0,81.0,13.0
C100A,2011-07-27T09:32:00-04:00,False,2011,7,208,31.0,1.4913616938342726,False,0.14,0.16,0.16,0.6,0.994,0.781,ok,0.16,0.44,,,,,0.56,150.0,0.004,6.0,82.0,0.0,9.0,4.0,83.0,15.0
C100A,2011-08-10T10:10:00-04:00,False,2011,8,222,9.0,0.9542425094393249,False,0.0,0.0,0.0,0.8,1.0,0.781,ok,0.0,0.81,,,,,2.12,206.0,0.01,6.0,85.0,0.0,31.0,6.0,82.0,14.0
C100A,2011-08-24T12:28:00-04:00,False,2011,8,236,9.0,0.9542425094393249,False,0.0,0.0,0.09,0.21,0.994,0.781,ok,0.09,0.12,,,,,0.9,250.0,0.004,8.0,84.0,0.0,9.0,6.0,85.0,14.0
C100A,2011-09-13T10:23:00-04:00,False,2011,9,256,9.0,0.9542425094393249,False,0.01,0.01,0.01,0.89,0.994,0.781,ok,0.01,0.88,,,,,349.0,230.0,1.517,1.0,72.0,0.0,9.0,8.0,84.0,19.0
C100A,2011-09-27T10:24:00-04:00,False,2011,9,270,64.0,1.806179973983887,False,0.02,0.48,1.17,2.18,0.988,0.781,ok,1.2,0.98,,,,,76.9,132.0,0.583,2.0,75.0,0.0,9.0,1.0,72.0,14.0
C100A,2011-10-12T11:35:00-04:00,False,2011,10,285,1013.0,3.0056094453602804,True,0.19,0.23,0.23,0.24,0.994,0.781,ok,0.04,0.01,,,,,38.1,124.0,0.307,4.0,67.0,1.25,64.0,2.0,75.0,15.0
C100A,2011-10-13T10:40:00-04:00,False,2011,10,286,53.0,1.7242758696007892,False,0.42,0.46,0.5,0.5,0.994,0.781,ok,0.49,0.01,,,,,35.3,110.0,0.321,8.0,79.0,0.5,1013.0,4.0,67.0,0.0
C100A,2011-10-31T12:07:00-04:00,False,2011,10,304,31.0,1.4913616938342726,False,0.0,0.0,0.02,0.03,1.0,0.781,ok,0.02,0.01,,,,,63.9,90.0,0.71,5.0,58.0,0.0,53.0,8.0,79.0,18.0
C100A,2011-11-14T09:25:00-05:00,False,2011,11,318,9.0,0.9542425094393249,False,0.0,0.0,0.0,0.02,0.994,0.781,ok,0.0,0.02,,,,,143.0,151.0,0.947,2.0,54.0,0.0,31.0,5.0,58.0,13.0
C100A,2011-12-06T09:58:00-05:00,False,2011,12,340,10.0,1.0,False,0.0,0.07,0.07,0.21,0.988,0.781,ok,0.07,0.21,,,,,89.3,173.0,0.516,2.0,59.0,0.0,9.0,2.0,54.0,22.0
C100A,2012-01-10T12:08:00-05:00,False,2012,1,10,10.0,1.0,False,0.1,0.34,0.34,0.34,1.0,0.941,ok,0.34,0.0,,,,,27.1,404.0,0.067,5.0,45.0,0.6,10.0,2.0,59.0,35.0
C100A,2012-02-09T09:45:00-05:00,False,2012,2,40,10.0,1.0,False,0.05,0.05,0.15,0.44,0.994,0.941,ok,0.15,0.47,,,,,91.6,522.0,0.175,8.0,49.0,0.0,10.0,5.0,45.0,29.0
C100A,2012-03-20T10:06:00-04:00,False,2012,3,80,10.0,1.0,False,0.0,0.0,0.0,0.16,1.0,0.941,ok,0.16,0.0,,,,,98.4,418.0,0.235,4.0,65.0,0.0,10.0,8.0,49.0,39.0
C100A,2012-04-03T09:29:00-04:00,False,2012,4,94,9.0,0.9542425094393249,False,0.0,0.0,0.84,0.87,1.0,0.941,ok,0.85,0.02,,,,,458.0,407.0,1.125,0.0,61.0,0.0,10.0,4.0,65.0,13.0
C100A,2012-04-27T09:00:00-04:00,False,2012,4,118,10.0,1.0,False,0.0,0.0,0.0,0.33,0.994,0.941,ok,0.0,0.33,,,,,67.8,165.0,0.411,5.0,60.0,0.0,9.0,0.0,61.0,23.0
C100A,2012-05-02T10:05:00-04:00,False,2012,5,123,10.0,1.0,False,0.0,0.0,0.0,0.1,1.0,0.941,ok,0.0,0.1,,,,,39.0,174.0,0.224,3.0,62.0,0.0,10.0,5.0,60.0,5.0
C100A,2012-05-16T09:23:00-04:00,False,2012,5,137,9.0,0.9542425094393249,False,0.01,0.02,0.02,0.27,1.0,0.941,ok,0.02,0.25,,,,,120.0,96.0,1.25,4.0,73.0,0.0,10.0,3.0,62.0,13.0
C100A,2012-06-07T11:39:00-04:00,False,2012,6,159,111.0,2.0453229787866576,True,0.0,0.59,0.78,1.1,1.0,0.941,ok,0.78,0.33,,,,,502.0,158.0,3.177,4.0,74.0,0.0,9.0,4.0,73.0,22.0
C100A,2012-06-18T10:33:00-04:00,False,2012,6,170,10.0,1.0,False,0.0,0.0,0.0,0.02,1.0,0.941,ok,0.0,0.02,,,,,41.8,149.0,0.281,5.0,81.0,0.0,111.0,4.0,74.0,10.0
C100A,2012-07-05T09:50:00-04:00,False,2012,7,187,9.0,0.9542425094393249,False,0.0,0.0,0.0,0.26,0.988,0.941,ok,0.0,0.26,,,,,21.0,319.0,0.066,5.0,83.0,0.0,10.0,5.0,81.0,16.0
C100A,2012-07-19T09:43:00-04:00,False,2012,7,201,9.0,0.9542425094393249,False,0.0,0.0,0.52,2.14,0.988,0.941,ok,0.52,1.62,,,,,204.0,172.0,1.186,5.0,83.0,0.0,9.0,5.0,83.0,13.0
C100A,2012-08-14T10:30:00-04:00,False,2012,8,227,9.0,0.9542425094393249,False,0.01,0.14,1.42,1.75,1.0,0.941,ok,1.42,0.33,,,,,421.0,277.0,1.52,2.0,83.0,0.0,9.0,5.0,83.0,26.0
C100A,2012-08-28T10:51:00-04:00,False,2012,8,241,53.0,1.7242758696007892,False,0.0,0.64,0.65,2.11,0.994,0.941,ok,0.78,1.37,,,,,1320.0,267.0,4.944,2.0,80.0,0.5,9.0,2.0,83.0,14.0
C100A,2012-09-12T11:19:00-04:00,False,2012,9,256,20.0,1.3010299956639813,False,0.01,0.01,0.01,0.81,0.994,0.941,ok,0.01,0.79,,,,,459.0,193.0,2.378,5.0,79.0,0.0,53.0,2.0,80.0,15.0
C100A,2012-09-19T09:50:00-04:00,False,2012,9,263,31.0,1.4913616938342726,False,0.52,0.76,0.8,0.82,0.994,0.941,ok,0.8,0.03,,,,,134.0,217.0,0.618,8.0,73.0,1.0,20.0,5.0,79.0,6.0
C100A,2012-10-04T09:43:00-04:00,False,2012,10,278,10.0,1.0,False,0.17,0.59,0.7,1.38,0.988,0.941,ok,0.83,0.54,,,,,73.5,250.0,0.294,2.0,76.0,0.0,31.0,8.0,73.0,14.0
C100A,2012-10-18T09:36:00-04:00,False,2012,10,292,31.0,1.4913616938342726,False,0.0,0.01,0.5,0.52,0.982,0.941,ok,0.5,0.02,,,,,51.5,113.0,0.456,2.0,68.0,0.0,10.0,2.0,76.0,13.0
C100A,2012-11-08T08:51:00-05:00,False,2012,11,313,10.0,1.0,False,0.01,0.34,0.34,0.35,1.0,0.941,ok,0.34,0.01,,,,,65.6,135.0,0.486,8.0,49.0,0.0,31.0,2.0,68.0,21.0
C100A,2012-12-03T10:14:00-05:00,False,2012,12,338,9.0,0.9542425094393249,False,0.0,0.0,0.0,0.04,1.0,0.941,ok,0.0,0.04,,,,,34.9,194.0,0.18,6.0,52.0,0.0,10.0,8.0,49.0,25.0
C100A,2013-01-14T10:24:00-05:00,False,2013,1,14,20.0,1.3010299956639813,False,0.01,0.02,0.23,0.23,0.994,0.998,ok,0.22,0.0,,,,,158.0,405.0,0.39,2.0,64.0,0.0,9.0,6.0,52.0,42.0
C100A,2013-02-28T10:17:00-05:00,False,2013,2,59,53.0,1.7242758696007892,False,0.0,0.71,0.87,1.35,1.0,0.998,ok,0.87,0.48,,,,,402.0,423.0,0.95,0.0,51.0,0.0,20.0,2.0,64.0,44.0
C100A,2013-03-27T09:55:00-04:00,False,2013,3,86,10.0,1.0,False,0.0,0.0,0.07,0.14,1.0,0.998,ok,0.14,0.0,,,,,80.4,402.0,0.2,2.0,48.0,0.0,53.0,0.0,51.0,26.0
C100A,2013-04-09T10:20:00-04:00,False,2013,4,99,9.0,0.9542425094393249,False,0.0,0.0,0.0,0.43,1.0,0.998,ok,0.0,0.43,,,,,73.2,288.0,0.254,0.0,60.0,0.0,10.0,2.0,48.0,13.0
C100A,2013-04-24T09:34:00-04:00,False,2013,4,114,20.0,1.3010299956639813,False,0.0,0.02,0.02,1.07,1.0,0.998,ok,0.02,1.05,,,,,186.0,192.0,0.969,2.0,61.0,0.0,9.0,0.0,60.0,14.0
C100A,2013-05-09T09:28:00-04:00,False,2013,5,129,10.0,1.0,False,0.0,0.0,0.4,0.53,1.0,0.998,ok,0.44,0.09,,,,,36.9,143.0,0.258,0.0,65.0,0.0,20.0,2.0,61.0,14.0
C100A,2013-05-29T10:04:00-04:00,False,2013,5,149,10.0,1.0,False,0.0,0.0,0.0,0.39,1.0,0.998,ok,0.0,0.39,,,,,11.4,127.0,0.09,0.0,70.0,0.0,10.0,0.0,65.0,20.0
C100A,2013-06-12T10:29:00-04:00,False,2013,6,163,9.0,0.9542425094393249,False,0.0,0.16,0.5,2.3,1.0,0.998,ok,0.5,1.8,,,,,267.0,195.0,1.369,0.0,81.0,0.0,10.0,0.0,70.0,14.0
C100A,2013-06-26T09:48:00-04:00,False,2013,6,177,9.0,0.9542425094393249,False,0.11,0.15,2.46,2.77,0.976,0.998,ok,2.46,0.48,,,,,179.0,155.0,1.155,0.0,80.0,0.0,9.0,0.0,81.0,13.0
C100A,2013-07-09T10:04:00-04:00,False,2013,7,190,20.0,1.3010299956639813,False,0.14,0.14,0.14,0.21,1.0,0.998,ok,0.0,0.08,,,,,541.0,210.0,2.576,0.0,81.0,0.0,9.0,0.0,80.0,13.0
C100A,2013-07-23T09:50:00-04:00,False,2013,7,204,31.0,1.4913616938342726,False,0.14,0.16,0.19,0.39,1.0,0.998,ok,0.19,0.2,,,,,96.1,128.0,0.751,1.0,81.0,0.0,20.0,0.0,81.0,13.0
C100A,2013-08-08T10:49:00-04:00,False,2013,8,220,9.0,0.9542425094393249,False,0.03,0.03,0.03,1.67,0.988,0.998,ok,0.01,2.17,,,,,77.7,201.0,0.387,2.0,82.0,0.0,31.0,1.0,81.0,16.0
C100A,2013-08-22T10:10:00-04:00,False,2013,8,234,20.0,1.3010299956639813,False,0.0,0.07,0.36,0.65,0.994,0.998,ok,0.36,0.54,,,,,141.0,197.0,0.716,2.0,81.0,0.0,9.0,2.0,82.0,13.0
C100A,2013-09-04T10:01:00-04:00,False,2013,9,247,42.0,1.6232492903979006,False,0.72,0.84,1.5,1.52,1.0,0.998,ok,1.49,0.02,,,,,84.0,190.0,0.442,2.0,80.0,0.6,20.0,2.0,81.0,12.0
C100A,2013-09-19T12:16:00-04:00,False,2013,9,262,10.0,1.0,False,0.0,0.0,0.3,0.3,1.0,0.998,ok,0.3,0.0,,,,,17.2,217.0,0.079,5.0,74.0,0.0,42.0,2.0,80.0,15.0
C100A,2013-10-17T12:05:00-04:00,False,2013,10,290,9.0,0.9542425094393249,False,0.0,0.0,0.0,0.25,1.0,0.998,ok,0.0,0.3,,,,,34.7,121.0,0.287,5.0,68.0,0.0,10.0,5.0,74.0,27.0
C100A,2013-10-28T10:16:00-04:00,False,2013,10,301,9.0,0.9542425094393249,False,0.0,0.0,0.0,0.13,1.0,0.998,ok,0.0,0.13,,,,,20.3,90.0,0.226,5.0,62.0,0.0,9.0,5.0,68.0,10.0
C100A,2013-11-12T10:23:00-05:00,False,2013,11,316,9.0,0.9542425094393249,False,0.0,0.0,0.0,0.49,1.0,0.998,ok,0.0,0.49,,,,,43.1,181.0,0.238,8.0,56.0,0.0,9.0,5.0,62.0,15.0
C100A,2013-12-17T09:55:00-05:00,False,2013,12,351,192.0,2.2833012287035497,True,0.0,0.0,0.64,0.88,1.0,0.998,ok,0.65,0.24,,,,,255.0,242.0,1.054,1.0,49.0,0.0,9.0,8.0,56.0,34.0
C100A,2014-04-10T09:27:00-04:00,False,2014,4,100,9.0,0.9542425094393249,False,0.0,0.07,0.08,0.08,1.0,0.975,ok,0.08,0.0,0.75,0.0,0.24,0.0,169.0,284.0,0.595,0.0,61.0,0.0,192.0,1.0,49.0,113.0
C100A,2014-04-29T09:00:00-04:00,False,2014,4,119,9.0,0.9542425094393249,False,0.02,0.02,0.02,0.38,1.0,0.975,ok,0.02,0.36,0.12,0.49,0.02,0.62,183.0,170.0,1.076,0.0,67.0,0.0,9.0,0.0,61.0,18.0
C100A,2014-05-14T09:26:00-04:00,False,2014,5,134,9.0,0.9542425094393249,False,0.09,0.1,1.0,1.0,1.0,0.975,ok,1.0,0.0,0.26,0.0,0.16,0.0,23.9,130.0,0.184,0.0,78.0,0.0,9.0,0.0,67.0,15.0
C100A,2014-05-28T09:28:00-04:00,False,2014,5,148,42.0,1.6232492903979006,False,0.13,0.13,0.13,0.13,1.0,0.975,ok,0.12,0.0,0.5,0.0,0.08,0.0,30.8,110.0,0.28,0.0,75.0,0.5,9.0,0.0,78.0,14.0
C100A,2014-06-10T09:52:00-04:00,False,2014,6,161,9.0,0.9542425094393249,False,0.3,0.3,0.3,0.54,1.0,0.975,ok,0.0,0.24,0.0,0.96,0.0,0.69,13.7,162.0,0.085,0.0,76.0,0.0,42.0,0.0,75.0,13.0
C100A,2014-06-24T11:15:00-04:00,False,2014,6,175,9.0,0.9542425094393249,False,0.0,0.0,0.34,1.0,1.0,0.975,ok,0.35,0.65,0.99,1.66,1.0,1.04,75.3,154.0,0.489,1.0,81.0,0.0,9.0,0.0,76.0,14.0
C100A,2014-07-10T09:42:00-04:00,False,2014,7,191,9.0,0.9542425094393249,False,0.01,0.01,0.01,0.83,1.0,0.975,ok,0.01,0.82,0.15,0.77,0.07,1.36,62.8,149.0,0.421,0.0,84.0,0.0,9.0,1.0,81.0,15.0
C100A,2014-07-22T09:41:00-04:00,False,2014,7,203,10.0,1.0,False,0.13,0.69,0.69,1.39,0.994,0.975,ok,0.69,0.7,1.07,1.07,0.41,1.02,23.3,120.0,0.194,0.0,80.0,0.5,9.0,0.0,84.0,11.0
C100A,2014-08-14T09:29:00-04:00,False,2014,8,226,10.0,1.0,False,0.0,0.0,0.0,0.41,1.0,0.975,ok,0.0,0.41,0.0,1.28,0.0,0.63,145.0,277.0,0.523,1.0,81.0,0.0,10.0,0.0,80.0,22.0
C100A,2014-08-28T10:59:00-04:00,False,2014,8,240,20.0,1.3010299956639813,False,0.0,0.0,0.0,0.12,0.988,0.975,ok,0.0,0.12,0.0,0.22,0.0,0.29,147.0,267.0,0.551,0.0,75.0,0.0,10.0,1.0,81.0,14.0
C100A,2014-09-30T09:43:00-04:00,False,2014,9,273,9.0,0.9542425094393249,False,0.02,0.02,0.03,0.51,1.0,0.975,ok,0.03,0.47,0.22,0.87,0.06,0.55,123.0,161.0,0.764,0.0,67.0,0.0,20.0,0.0,75.0,32.0
C100A,2014-10-09T09:59:00-04:00,False,2014,10,282,10.0,1.0,False,0.0,0.0,0.0,0.0,0.988,0.975,ok,0.0,0.01,0.0,0.04,0.0,0.0,28.6,139.0,0.206,1.0,70.0,0.0,9.0,0.0,67.0,9.0
C100A,2014-10-23T09:30:00-04:00,False,2014,10,296,9.0,0.9542425094393249,False,0.0,0.0,0.0,0.0,1.0,0.975,ok,0.0,0.0,0.01,0.02,0.0,0.03,40.4,92.0,0.439,2.0,64.0,0.0,10.0,1.0,70.0,13.0
C100A,2014-11-17T09:11:00-05:00,False,2014,11,321,75.0,1.8750612633917,False,0.32,0.32,0.32,0.56,1.0,0.975,ok,0.33,0.23,0.17,0.28,0.22,0.14,14.3,127.0,0.113,5.0,54.0,0.0,9.0,2.0,64.0,25.0
C100A,2014-12-10T09:27:00-05:00,False,2014,12,344,42.0,1.6232492903979006,False,0.05,0.24,0.24,0.62,1.0,0.975,ok,0.21,0.38,0.39,0.71,0.21,0.47,87.4,195.0,0.448,2.0,47.0,0.0,75.0,5.0,54.0,23.0
C100A,2015-01-20T10:33:00-05:00,False,2015,1,20,64.0,1.806179973983887,False,0.0,0.12,0.48,0.78,0.994,0.94,ok,0.48,0.3,0.43,0.34,0.41,0.26,528.0,412.0,1.282,0.0,46.0,0.0,42.0,2.0,47.0,41.0
C100A,2015-02-27T09:38:00-05:00,False,2015,2,58,42.0,1.6232492903979006,False,0.0,0.0,0.0,0.0,1.0,0.94,unverified,0.0,0.0,2.35,1.12,2.1,0.85,923.0,414.0,2.229,0.0,38.0,0.0,64.0,0.0,46.0,37.0
C100A,2015-03-17T09:53:00-04:00,False,2015,3,76,10.0,1.0,False,0.0,0.0,1.38,1.39,1.0,0.94,ok,1.39,0.0,0.88,0.13,1.14,0.09,402.0,375.0,1.072,0.0,56.0,0.0,42.0,0.0,38.0,17.0
C100A,2015-04-16T11:40:00-04:00,False,2015,4,106,42.0,1.6232492903979006,False,0.05,0.39,0.39,0.51,1.0,0.94,ok,0.39,0.33,0.55,0.26,0.43,0.21,64.8,323.0,0.201,1.0,65.0,0.0,10.0,0.0,56.0,30.0
C100A,2015-04-30T10:35:00-04:00,False,2015,4,120,75.0,1.8750612633917,False,0.02,0.02,0.02,0.05,1.0,0.94,ok,0.01,0.03,0.0,0.05,0.01,0.04,46.9,183.0,0.256,2.0,67.0,0.0,42.0,1.0,65.0,13.0
C100A,2015-05-13T08:48:00-04:00,False,2015,5,133,42.0,1.6232492903979006,False,0.0,0.56,1.74,2.36,1.0,0.94,ok,2.0,0.36,2.86,0.2,2.08,0.36,2520.0,136.0,18.529,0.0,75.0,0.4,75.0,2.0,67.0,12.0
C100A,2015-05-28T09:10:00-04:00,False,2015,5,148,9.0,0.9542425094393249,False,0.0,0.0,0.0,0.12,1.0,0.94,ok,0.0,0.12,0.0,0.14,0.0,0.08,93.9,110.0,0.854,0.0,75.0,0.0,42.0,0.0,75.0,15.0
C100A,2015-06-11T08:25:00-04:00,False,2015,6,162,31.0,1.4913616938342726,False,0.16,0.53,0.53,0.55,1.0,0.94,ok,0.53,0.35,0.44,0.56,0.86,0.23,132.0,159.0,0.83,1.0,78.0,0.0,9.0,0.0,75.0,13.0
C100A,2015-06-24T08:42:00-04:00,False,2015,6,175,10.0,1.0,False,0.0,0.0,0.0,1.48,0.97,0.94,ok,0.0,1.48,0.02,0.92,0.0,1.07,18.4,154.0,0.119,1.0,84.0,0.0,31.0,1.0,78.0,13.0
C100A,2015-07-08T08:38:00-04:00,False,2015,7,189,10.0,1.0,False,0.0,0.16,0.16,0.53,0.994,0.94,ok,0.16,0.37,0.0,1.01,0.31,0.73,11.3,264.0,0.043,0.0,80.0,0.0,10.0,1.0,84.0,13.0
C100A,2015-07-22T08:50:00-04:00,False,2015,7,203,31.0,1.4913616938342726,False,0.81,0.81,0.88,0.89,0.952,0.94,ok,0.88,0.01,1.26,0.07,1.4,0.14,5.19,120.0,0.043,5.0,83.0,0.8,10.0,0.0,80.0,14.0
C100A,2015-08-05T08:54:00-04:00,False,2015,8,217,9.0,0.9542425094393249,False,0.26,0.3,0.33,0.33,1.0,0.94,ok,0.33,0.0,0.27,0.42,0.23,0.2,14.3,256.0,0.056,1.0,81.0,0.0,31.0,5.0,83.0,14.0
C100A,2015-08-19T08:43:00-04:00,False,2015,8,231,10.0,1.0,False,0.0,0.0,0.0,0.0,0.952,0.94,ok,0.0,0.0,0.45,0.0,0.23,0.0,29.2,276.0,0.106,3.0,79.0,0.25,9.0,1.0,81.0,13.0
C100A,2015-09-10T09:13:00-04:00,False,2015,9,253,9.0,0.9542425094393249,False,0.45,0.47,0.77,1.6,1.0,0.94,ok,0.77,1.28,0.39,2.53,0.48,1.32,43.5,193.0,0.225,5.0,79.0,0.0,10.0,3.0,79.0,22.0
C100A,2015-09-22T10:47:00-04:00,False,2015,9,265,10.0,1.0,False,0.02,0.02,0.02,0.02,0.988,0.94,ok,0.02,0.0,0.0,0.0,0.0,0.0,18.9,143.0,0.132,8.0,76.0,0.0,9.0,5.0,79.0,12.0
C100A,2015-10-13T12:39:00-04:00,False,2015,10,286,178.0,2.250420002308894,True,0.05,0.29,0.37,0.37,1.0,0.94,ok,0.37,0.0,0.49,0.0,0.4,0.0,349.0,110.0,3.173,2.0,67.0,0.0,10.0,8.0,76.0,21.0
C100A,2015-10-29T09:28:00-04:00,False,2015,10,302,64.0,1.806179973983887,False,0.15,0.41,0.41,0.41,1.0,0.94,ok,0.39,0.0,0.53,0.0,0.3,0.0,46.0,92.0,0.5,6.0,68.0,0.0,178.0,2.0,67.0,15.0
C100A,2015-11-17T08:25:00-05:00,False,2015,11,321,53.0,1.7242758696007892,False,0.0,0.0,0.0,0.23,1.0,0.94,ok,0.0,0.3,0.0,0.22,0.0,0.18,443.0,127.0,3.488,0.0,55.0,0.0,64.0,6.0,68.0,18.0
C100A,2015-12-01T10:53:00-05:00,False,2015,12,335,31.0,1.4913616938342726,False,0.02,0.02,0.02,0.02,1.0,0.94,ok,0.01,0.0,0.03,0.0,0.01,0.0,279.0,169.0,1.651,0.0,57.0,0.0,53.0,0.0,55.0,14.0
C100A,2016-01-12T08:50:00-05:00,False,2016,1,12,9.0,0.9542425094393249,False,0.0,0.0,0.05,0.06,1.0,0.989,ok,0.05,0.01,0.06,0.01,0.05,0.0,246.0,386.0,0.637,0.0,45.0,0.0,31.0,0.0,57.0,41.0
C100A,2016-02-03T09:00:00-05:00,False,2016,2,34,9.0,0.9542425094393249,False,0.0,0.0,0.0,0.12,1.0,0.989,ok,0.0,0.12,0.0,0.3,0.0,0.15,235.0,412.0,0.57,0.0,51.0,0.0,9.0,0.0,45.0,22.0
C100A,2016-03-10T11:23:00-05:00,False,2016,3,70,20.0,1.3010299956639813,False,0.0,0.0,0.0,1.01,1.0,0.989,ok,0.0,1.01,0.0,0.99,0.0,1.05,159.0,474.0,0.335,0.0,58.0,0.0,9.0,0.0,51.0,36.0
C100A,2016-04-21T09:05:00-04:00,False,2016,4,112,9.0,0.9542425094393249,False,0.0,0.0,0.0,0.0,1.0,0.989,ok,0.0,0.0,0.0,0.0,0.0,0.0,46.1,259.0,0.178,5.0,61.0,0.0,20.0,0.0,58.0,41.0
C100A,2016-04-27T09:35:00-04:00,False,2016,4,118,20.0,1.3010299956639813,False,0.0,0.0,0.0,0.46,1.0,0.989,ok,0.0,0.46,0.0,0.65,0.0,0.75,125.0,165.0,0.758,2.0,70.0,0.0,9.0,5.0,61.0,6.0
C100A,2016-05-12T09:08:00-04:00,False,2016,5,133,20.0,1.3010299956639813,False,0.0,0.0,0.0,0.94,0.994,0.989,ok,0.0,0.94,0.0,1.01,0.0,1.03,226.0,144.0,1.569,0.0,72.0,0.0,20.0,2.0,70.0,14.0
C100A,2016-05-26T08:56:00-04:00,False,2016,5,147,9.0,0.9542425094393249,False,0.0,0.0,0.18,0.33,1.0,0.989,ok,0.18,0.15,0.12,0.22,0.19,0.14,66.3,152.0,0.436,0.0,71.0,0.0,20.0,0.0,72.0,13.0
C100A,2016-06-09T11:21:00-04:00,False,2016,6,161,9.0,0.9542425094393249,False,0.0,0.0,1.47,3.04,1.0,0.989,ok,1.48,1.56,1.44,2.13,1.29,1.33,160.0,148.0,1.081,0.0,75.0,0.0,9.0,0.0,71.0,14.0
C100A,2016-06-23T09:07:00-04:00,False,2016,6,175,42.0,1.6232492903979006,False,0.0,0.0,0.0,0.01,1.0,0.989,ok,0.0,0.15,0.0,0.86,0.0,0.66,14.2,146.0,0.097,1.0,78.0,0.0,9.0,0.0,75.0,13.0
C100A,2016-07-07T09:22:00-04:00,False,2016,7,189,10.0,1.0,False,0.18,0.39,3.16,4.61,0.982,0.989,ok,3.16,1.45,0.93,0.74,1.51,1.06,20.5,348.0,0.059,2.0,81.0,0.0,42.0,1.0,78.0,14.0
C100A,2016-07-20T08:10:00-04:00,False,2016,7,202,20.0,1.3010299956639813,False,0.99,0.99,0.99,1.63,1.0,0.989,ok,1.32,1.13,0.37,2.23,0.58,1.72,42.3,199.0,0.213,0.0,84.0,0.5,10.0,2.0,81.0,12.0
C100A,2016-08-04T08:36:00-04:00,False,2016,8,217,20.0,1.3010299956639813,False,0.15,0.24,0.82,1.62,1.0,0.989,ok,0.82,0.8,1.16,0.67,0.52,0.65,71.0,220.0,0.323,3.0,80.0,0.0,20.0,0.0,84.0,15.0
C100A,2016-08-17T09:14:00-04:00,False,2016,8,230,31.0,1.4913616938342726,False,0.0,0.0,0.0,0.23,1.0,0.989,ok,0.0,0.23,0.0,0.0,0.0,0.05,75.9,232.0,0.327,1.0,82.0,0.0,20.0,3.0,80.0,13.0
C100A,2016-09-01T12:42:00-04:00,False,2016,9,245,9.0,0.9542425094393249,False,0.0,0.02,0.77,1.31,1.0,0.989,ok,0.77,0.54,1.87,0.83,0.91,0.67,33.5,200.0,0.168,4.0,81.0,0.0,31.0,1.0,82.0,15.0
C100A,2016-09-28T11:00:00-04:00,False,2016,9,272,9.0,0.9542425094393249,False,0.0,0.0,0.0,3.14,1.0,0.989,ok,0.0,3.14,0.02,2.71,0.13,2.27,320.0,139.0,2.302,3.0,78.0,0.0,9.0,4.0,81.0,26.0
C100A,2016-10-20T09:20:00-04:00,False,2016,10,294,20.0,1.3010299956639813,False,0.0,0.0,0.0,0.0,1.0,0.989,ok,0.0,0.0,0.0,0.0,0.0,0.0,270.0,89.0,3.034,0.0,74.0,0.0,9.0,3.0,78.0,21.0
C100A,2016-10-27T11:21:00-04:00,False,2016,10,301,10.0,1.0,False,0.0,0.0,0.0,0.2,1.0,0.989,ok,0.0,0.2,0.0,0.1,0.0,0.18,118.0,80.0,1.475,0.0,70.0,0.0,20.0,0.0,74.0,7.0
C100A,2016-11-01T09:14:00-04:00,False,2016,11,306,9.0,0.9542425094393249,False,0.0,0.0,0.0,0.0,1.0,0.989,ok,0.0,0.0,0.0,0.0,0.0,0.0,75.6,91.0,0.831,0.0,65.0,0.0,10.0,0.0,70.0,4.0
C100A,2016-12-21T09:10:00-05:00,False,2016,12,356,53.0,1.7242758696007892,False,0.0,0.08,0.12,0.36,1.0,0.989,ok,0.12,0.27,0.25,0.18,0.29,0.28,140.0,253.0,0.553,2.0,52.0,0.0,9.0,0.0,65.0,50.0
C100A,2017-01-19T08:52:00-05:00,False,2017,1,19,20.0,1.3010299956639813,False,0.05,0.05,0.05,0.07,1.0,0.984,ok,0.07,0.0,0.13,0.0,0.09,0.0,178.0,375.0,0.475,1.0,53.0,0.0,53.0,2.0,52.0,28.0
C100A,2017-02-01T10:56:00-05:00,False,2017,2,32,75.0,1.8750612633917,False,0.0,0.0,0.0,0.11,1.0,0.984,ok,0.0,0.11,0.0,0.02,0.0,0.03,151.0,420.0,0.36,0.0,84.0,0.0,20.0,1.0,53.0,13.0
C100A,2017-03-08T09:46:00-05:00,False,2017,3,67,42.0,1.6232492903979006,False,0.0,0.0,0.0,0.25,0.994,0.984,ok,0.0,0.25,0.0,0.47,0.0,0.51,48.2,615.0,0.078,1.0,60.0,0.0,75.0,0.0,84.0,34.0
C100A,2017-04-11T09:01:00-04:00,False,2017,4,101,31.0,1.4913616938342726,False,0.0,0.0,0.0,1.08,1.0,0.984,ok,0.0,1.08,0.0,1.18,0.0,0.98,160.0,352.0,0.455,2.0,67.0,0.0,42.0,1.0,60.0,33.0
C100A,2017-04-26T10:21:00-04:00,False,2017,4,116,42.0,1.6232492903979006,False,0.1,2.03,2.25,2.25,0.994,0.984,ok,2.25,0.0,2.82,0.0,2.97,0.0,601.0,160.0,3.756,2.0,69.0,0.0,31.0,2.0,67.0,15.0
C100A,2017-05-10T09:48:00-04:00,False,2017,5,130,64.0,1.806179973983887,False,0.17,0.17,0.17,1.53,1.0,0.984,ok,0.14,1.31,0.17,1.46,0.12,1.16,219.0,158.0,1.386,0.0,67.0,0.2,42.0,2.0,69.0,13.0
C100A,2017-05-25T08:55:00-04:00,False,2017,5,145,20.0,1.3010299956639813,False,0.19,0.71,0.95,0.95,1.0,0.984,ok,0.78,0.0,1.27,0.16,1.11,0.13,69.6,200.0,0.348,3.0,76.0,0.15,64.0,0.0,67.0,14.0
C100A,2017-06-13T08:32:00-04:00,False,2017,6,164,9.0,0.9542425094393249,False,0.0,0.0,0.0,1.02,1.0,0.984,ok,0.0,1.03,0.0,0.68,0.0,0.77,28.5,164.0,0.174,0.0,79.0,0.0,20.0,3.0,76.0,18.0
C100A,2017-06-28T11:48:00-04:00,False,2017,6,179,42.0,1.6232492903979006,False,0.0,0.0,0.0,1.45,1.0,0.984,ok,0.0,1.53,0.01,3.52,0.0,3.4,477.0,150.0,3.18,2.0,81.0,0.0,9.0,0.0,79.0,15.0
C100A,2017-07-12T08:40:00-04:00,False,2017,7,193,9.0,0.9542425094393249,False,0.0,0.02,0.05,1.66,1.0,0.984,ok,0.05,1.61,0.19,1.22,0.36,1.42,170.0,169.0,1.006,5.0,85.0,0.0,42.0,2.0,81.0,13.0
C100A,2017-07-27T09:24:00-04:00,False,2017,7,208,10.0,1.0,False,0.0,0.0,0.0,0.03,0.994,0.984,ok,0.0,0.03,0.0,0.01,0.0,0.01,22.0,150.0,0.147,4.0,85.0,0.0,9.0,5.0,85.0,15.0
C100A,2017-08-10T11:27:00-04:00,False,2017,8,222,10.0,1.0,False,0.01,0.9,1.45,2.3,0.994,0.984,ok,1.45,0.85,1.11,0.87,0.99,0.88,43.1,206.0,0.209,18.0,80.0,0.8,10.0,4.0,85.0,14.0
C100A,2017-08-31T08:35:00-04:00,False,2017,8,243,9.0,0.9542425094393249,False,0.0,0.1,1.13,1.19,1.0,0.984,ok,1.13,0.06,0.96,0.14,1.55,0.08,41.7,173.0,0.241,5.0,78.0,0.0,10.0,18.0,80.0,20.0
C100A,2017-09-14T09:14:00-04:00,False,2017,9,257,31.0,1.4913616938342726,False,0.0,0.09,0.15,0.15,1.0,0.984,ok,0.15,0.0,0.17,0.0,0.2,0.0,64.6,257.0,0.251,1.0,75.0,0.0,9.0,5.0,78.0,14.0
C100A,2017-09-28T09:03:00-04:00,False,2017,9,271,10.0,1.0,False,0.0,0.03,0.03,1.01,0.994,0.984,ok,0.03,0.98,0.0,0.62,0.0,0.45,24.3,139.0,0.175,5.0,77.0,0.0,31.0,1.0,75.0,13.0
C100A,2017-10-10T10:12:00-04:00,False,2017,10,283,9.0,0.9542425094393249,False,0.24,0.24,0.25,0.25,1.0,0.984,ok,0.25,0.0,0.06,0.0,0.16,0.0,6.51,135.0,0.048,5.0,77.0,0.0,10.0,5.0,77.0,12.0
C100A,2017-10-23T08:52:00-04:00,False,2017,10,296,10.0,1.0,False,0.0,0.0,0.0,0.06,1.0,0.984,ok,0.0,0.06,0.0,0.39,0.0,0.37,7.37,92.0,0.08,5.0,68.0,0.0,9.0,5.0,77.0,12.0
C100A,2017-11-02T09:56:00-04:00,False,2017,11,306,10.0,1.0,False,0.01,0.01,0.01,2.75,1.0,0.984,ok,0.0,2.74,0.0,1.64,0.0,1.92,38.9,85.0,0.458,1.0,62.0,0.0,10.0,5.0,68.0,10.0
C100A,2017-12-05T09:06:00-05:00,False,2017,12,339,31.0,1.4913616938342726,False,0.19,0.19,0.21,0.21,0.982,0.984,ok,0.02,0.0,0.12,0.0,0.11,0.0,47.5,192.0,0.247,8.0,59.0,0.0,10.0,1.0,62.0,33.0
C100A,2018-01-31T08:42:00-05:00,False,2018,1,31,1298.0,3.1132746924643504,True,0.0,0.16,2.36,2.37,0.994,0.779,ok,2.37,0.0,2.06,0.0,2.37,0.0,520.0,433.0,1.201,5.0,43.0,0.0,31.0,8.0,59.0,56.0
C100A,2018-02-20T09:51:00-05:00,False,2018,2,51,75.0,1.8750612633917,False,0.02,0.02,0.02,0.07,1.0,0.779,ok,0.01,0.04,0.01,0.03,0.0,0.0,108.0,492.0,0.22,0.0,57.0,0.0,1298.0,5.0,43.0,20.0
C100A,2018-03-23T09:26:00-04:00,False,2018,3,82,9.0,0.9542425094393249,False,0.0,0.01,0.68,1.44,1.0,0.779,ok,1.44,0.0,1.11,0.0,1.45,0.0,260.0,435.0,0.598,2.0,49.0,0.0,75.0,0.0,57.0,30.0
C100A,2018-04-04T09:27:00-04:00,False,2018,4,94,31.0,1.4913616938342726,False,0.0,0.0,0.0,0.0,1.0,0.779,ok,0.0,0.0,0.0,0.0,0.0,0.0,125.0,395.0,0.316,0.0,61.0,0.25,9.0,2.0,49.0,12.0
C100A,2018-04-18T08:56:00-04:00,False,2018,4,108,42.0,1.6232492903979006,False,0.0,0.0,1.73,1.79,0.988,0.779,mismatch,1.79,0.0,1.73,0.0,2.14,0.0,191.0,341.0,0.56,0.0,60.0,0.0,31.0,0.0,61.0,13.0
C100A,2018-05-01T08:55:00-04:00,False,2018,5,121,42.0,1.6232492903979006,False,0.0,0.0,0.0,0.89,1.0,0.779,ok,0.0,1.39,0.0,1.51,0.0,1.46,255.0,165.0,1.545,2.0,68.0,0.0,42.0,0.0,60.0,12.0
C100A,2018-05-16T10:18:00-04:00,False,2018,5,136,10.0,1.0,False,0.0,0.0,0.0,0.01,0.982,0.779,ok,0.0,0.01,0.0,0.0,0.0,0.02,52.7,96.0,0.549,1.0,77.0,0.1,42.0,2.0,68.0,15.0
C100A,2018-06-13T08:19:00-04:00,False,2018,6,164,42.0,1.6232492903979006,False,0.01,1.79,1.79,1.8,0.994,0.779,ok,1.79,0.01,1.52,0.03,2.73,0.18,248.0,164.0,1.512,1.0,77.0,0.0,10.0,1.0,77.0,27.0
C100A,2018-06-27T09:03:00-04:00,False,2018,6,178,9.0,0.9542425094393249,False,0.5,0.5,1.86,2.57,0.994,0.779,ok,1.86,0.71,2.37,1.28,2.83,2.05,58.0,166.0,0.349,2.0,82.0,0.4,42.0,1.0,77.0,14.0
C100A,2018-07-17T08:15:00-04:00,False,2018,7,198,9.0,0.9542425094393249,False,0.0,0.0,0.0,0.06,1.0,0.779,ok,0.0,0.06,0.01,0.11,0.01,0.1,29.3,163.0,0.18,5.0,83.0,0.0,9.0,2.0,82.0,19.0
C100A,2018-07-31T09:29:00-04:00,False,2018,7,212,20.0,1.3010299956639813,False,0.25,0.63,0.92,5.47,1.0,0.779,ok,0.87,6.9,1.04,4.5,1.26,4.67,658.0,203.0,3.241,0.0,79.0,0.3,9.0,5.0,83.0,14.0
C100A,2018-08-02T10:55:00-04:00,False,2018,8,214,9.0,0.9542425094393249,False,0.32,0.34,0.59,3.75,1.0,0.779,ok,0.91,2.8,0.77,1.46,1.03,2.46,935.0,223.0,4.193,0.0,81.0,0.6,20.0,0.0,79.0,2.0
C100A,2018-08-15T08:39:00-04:00,False,2018,8,227,10.0,1.0,False,0.59,0.59,0.74,2.08,0.994,0.779,ok,0.74,1.34,0.68,0.96,0.66,0.88,1880.0,261.0,7.203,0.0,83.0,0.0,9.0,0.0,81.0,12.0
C100A,2018-09-06T09:02:00-04:00,False,2018,9,249,9.0,0.9542425094393249,False,0.0,0.04,0.18,0.45,1.0,0.779,ok,0.18,0.27,0.36,0.01,0.07,0.07,49.3,232.0,0.212,0.0,86.0,0.0,10.0,0.0,83.0,22.0
C100A,2018-10-04T09:26:00-04:00,False,2018,10,277,20.0,1.3010299956639813,False,0.0,0.0,0.0,0.19,1.0,0.779,ok,0.0,0.19,0.0,0.14,0.0,0.17,173.0,250.0,0.692,0.0,83.0,0.0,9.0,0.0,86.0,28.0
C100A,2018-10-23T09:36:00-04:00,False,2018,10,296,10.0,1.0,False,0.0,0.0,0.03,0.12,0.994,0.779,ok,0.03,0.09,0.03,0.24,0.02,0.23,49.8,92.0,0.541,1.0,61.0,0.0,20.0,0.0,83.0,19.0
C100A,2018-11-30T09:12:00-05:00,False,2018,11,334,9.0,0.9542425094393249,False,0.0,0.0,0.0,0.34,0.982,0.779,ok,0.0,0.34,0.0,0.61,0.0,0.71,193.0,178.0,1.084,0.0,47.0,0.0,10.0,1.0,61.0,38.0
C100A,2018-12-17T08:45:00-05:00,False,2018,12,351,238.0,2.376576957056512,True,0.0,0.24,1.13,1.67,0.994,0.779,ok,1.13,0.57,0.96,0.57,1.12,0.56,1050.0,242.0,4.339,0.0,49.0,0.0,9.0,0.0,47.0,16.0
C100A,2019-01-29T08:23:00-05:00,False,2019,1,29,124.0,2.093421685162235,True,0.0,0.0,0.0,1.94,0.994,0.92,ok,0.0,1.94,0.13,1.72,0.03,1.91,518.0,452.0,1.146,0.0,44.0,0.0,238.0,0.0,49.0,42.0
C100A,2019-02-07T09:39:00-05:00,False,2019,2,38,20.0,1.3010299956639813,False,0.0,0.0,0.0,1.47,1.0,0.92,ok,0.75,0.72,0.7,0.66,0.85,0.8,125.0,460.0,0.272,1.0,50.0,0.0,124.0,0.0,44.0,9.0
C100A,2019-03-18T09:37:00-04:00,False,2019,3,77,64.0,1.806179973983887,False,0.0,0.0,0.0,0.0,1.0,0.92,ok,0.0,0.0,0.0,0.0,0.0,0.0,97.1,384.0,0.253,1.0,56.0,0.0,20.0,1.0,50.0,38.0
C100A,2019-04-04T08:34:00-04:00,False,2019,4,94,42.0,1.6232492903979006,False,0.0,0.72,0.75,0.75,0.994,0.92,mismatch,0.75,0.0,0.94,0.04,0.9,0.06,156.0,395.0,0.395,1.0,54.0,0.0,64.0,1.0,56.0,16.0
C100A,2019-04-17T08:53:00-04:00,False,2019,4,107,9.0,0.9542425094393249,False,0.0,0.0,0.0,0.95,0.994,0.92,mismatch,0.0,0.95,0.24,0.67,0.3,1.01,145.0,358.0,0.405,2.0,65.0,0.0,42.0,1.0,54.0,13.0
C100A,2019-05-16T10:10:00-04:00,False,2019,5,136,10.0,1.0,False,0.0,0.0,0.0,0.4,1.0,0.92,ok,0.0,0.4,0.0,0.52,0.0,0.32,10.9,96.0,0.114,2.0,70.0,0.0,9.0,2.0,65.0,29.0
C100A,2019-05-29T08:47:00-04:00,False,2019,5,149,9.0,0.9542425094393249,False,0.0,0.0,0.0,0.0,0.988,0.92,ok,0.0,0.0,0.0,0.0,0.0,0.0,1.06,127.0,0.008,4.0,83.0,0.0,10.0,2.0,70.0,12.0
C100A,2019-06-11T08:46:00-04:00,False,2019,6,162,178.0,2.250420002308894,True,1.39,1.44,1.56,2.06,0.988,0.92,ok,1.39,0.49,1.16,0.39,1.3,0.57,4.73,159.0,0.03,3.0,79.0,0.3,9.0,4.0,83.0,12.0
C100A,2019-06-25T08:43:00-04:00,False,2019,6,176,9.0,0.9542425094393249,False,0.0,0.0,0.0,0.43,1.0,0.92,ok,0.0,0.43,0.0,0.27,0.0,0.5,4.28,171.0,0.025,2.0,80.0,0.0,178.0,3.0,79.0,13.0
C100A,2019-07-17T08:45:00-04:00,False,2019,7,198,9.0,0.9542425094393249,False,0.02,0.02,0.02,2.59,0.988,0.92,ok,0.02,2.57,0.03,3.81,0.03,3.82,72.7,163.0,0.446,12.0,86.0,0.0,9.0,2.0,80.0,22.0
C100A,2019-07-31T08:43:00-04:00,False,2019,7,212,20.0,1.3010299956639813,False,0.0,0.0,0.0,0.0,1.0,0.92,ok,0.0,0.0,0.0,0.05,0.0,0.01,0.83,203.0,0.004,4.0,84.0,0.0,9.0,12.0,86.0,13.0
C100A,2019-08-14T09:07:00-04:00,False,2019,8,226,9.0,0.9542425094393249,False,0.0,0.0,0.0,1.28,0.994,0.92,ok,0.0,1.28,0.0,1.15,0.0,1.51,14.6,277.0,0.053,4.0,84.0,0.0,20.0,4.0,84.0,14.0
C100A,2019-08-28T08:53:00-04:00,False,2019,8,240,31.0,1.4913616938342726,False,0.0,0.0,0.0,0.0,1.0,0.92,ok,0.0,0.0,0.02,0.42,0.01,0.38,744.0,267.0,2.787,8.0,79.0,0.0,9.0,4.0,84.0,13.0
C100A,2019-09-25T09:58:00-04:00,False,2019,9,268,9.0,0.9542425094393249,False,0.0,0.0,0.0,0.0,1.0,0.92,ok,0.0,0.0,0.0,0.0,0.0,0.0,35.4,141.0,0.251,1.0,80.0,0.0,31.0,8.0,79.0,28.0
C100A,2019-09-30T09:35:00-04:00,False,2019,9,273,9.0,0.9542425094393249,False,0.0,0.0,0.6,0.6,1.0,0.92,ok,0.6,0.0,1.19,0.0,0.83,0.0,21.2,161.0,0.132,2.0,78.0,0.0,9.0,1.0,80.0,4.0
C100A,2019-10-03T08:44:00-04:00,False,2019,10,276,10.0,1.0,False,0.0,0.0,0.0,0.6,1.0,0.92,ok,0.0,0.6,0.0,1.19,0.0,0.83,17.3,239.0,0.072,5.0,79.0,0.0,9.0,2.0,78.0,2.0
C100A,2019-10-17T09:00:00-04:00,False,2019,10,290,10.0,1.0,False,0.18,0.2,0.2,1.19,1.0,0.92,ok,0.7,0.49,0.67,0.69,0.5,0.8,20.6,121.0,0.17,14.0,66.0,0.4,10.0,5.0,79.0,14.0
C100A,2019-11-25T09:17:00-05:00,False,2019,11,329,64.0,1.806179973983887,False,0.0,0.59,0.59,0.68,1.0,0.92,ok,0.59,0.09,0.56,0.08,0.62,0.06,92.5,115.0,0.804,5.0,50.0,0.0,10.0,14.0,66.0,39.0
C100A,2019-12-04T08:35:00-05:00,False,2019,12,338,20.0,1.3010299956639813,False,0.0,0.0,0.72,0.99,1.0,0.92,ok,0.93,0.06,0.78,0.09,0.84,0.06,147.0,195.0,0.754,5.0,49.0,0.0,64.0,5.0,50.0,8.0
C100A,2020-01-06T08:48:00-05:00,False,2020,1,6,10.0,1.0,False,0.0,0.22,0.64,0.67,1.0,0.954,ok,0.64,0.11,0.47,0.13,0.47,0.12,88.2,411.0,0.215,2.0,51.0,0.0,20.0,5.0,49.0,33.0
C100A,2020-02-04T08:43:00-05:00,False,2020,2,35,99.0,1.99563519459755,False,0.0,0.0,0.0,0.98,0.982,0.954,ok,0.42,0.57,0.3,0.59,0.27,0.7,245.0,438.0,0.559,0.0,53.0,0.0,10.0,2.0,51.0,28.0
C100A,2020-03-02T08:53:00-05:00,False,2020,3,62,10.0,1.0,False,0.0,0.0,0.0,0.92,0.994,0.954,ok,0.0,0.92,0.0,0.73,0.0,0.78,320.0,479.0,0.668,2.0,52.0,0.0,99.0,0.0,53.0,27.0
C100A,2020-05-06T08:57:00-04:00,False,2020,5,127,9.0,0.9542425094393249,False,0.86,0.86,0.86,1.73,0.982,0.954,ok,0.25,0.87,0.28,0.8,0.27,0.97,214.0,201.0,1.065,0.0,68.0,0.6,10.0,2.0,52.0,64.0
C100A,2020-05-20T09:45:00-04:00,False,2020,5,141,9.0,0.9542425094393249,False,0.87,1.19,2.69,2.69,1.0,0.954,ok,2.27,0.0,0.83,0.0,2.34,0.0,29.4,153.0,0.192,1.0,68.0,1.0,9.0,0.0,68.0,14.0
C100A,2020-06-02T09:32:00-04:00,False,2020,6,154,9.0,0.9542425094393249,False,0.0,0.0,0.0,1.9,0.988,0.954,ok,0.01,1.89,0.0,1.43,0.0,1.86,1970.0,150.0,13.133,0.0,73.0,0.0,9.0,1.0,68.0,12.0
C100A,2020-06-17T08:57:00-04:00,False,2020,6,169,150.0,2.1760912590556813,True,0.62,2.02,2.04,4.75,1.0,0.954,ok,2.04,2.68,1.89,1.94,2.06,2.56,612.0,130.0,4.708,0.0,70.0,0.0,9.0,0.0,73.0,14.0
C100A,2020-07-14T09:38:00-04:00,False,2020,7,196,20.0,1.3010299956639813,False,0.91,0.91,0.95,1.72,1.0,0.954,ok,0.95,0.77,1.04,0.54,0.94,0.34,77.2,178.0,0.434,1.0,84.0,0.5,150.0,0.0,70.0,27.0
C100A,2020-07-28T10:53:00-04:00,False,2020,7,210,9.0,0.9542425094393249,False,0.0,0.0,0.39,0.39,1.0,0.954,ok,0.39,0.0,0.43,0.0,0.28,0.0,14.4,166.0,0.087,1.0,84.0,0.0,20.0,1.0,84.0,14.0
C100A,2020-08-18T10:36:00-04:00,False,2020,8,231,64.0,1.806179973983887,False,0.0,0.02,0.16,0.9,0.994,0.954,ok,0.78,0.12,0.5,0.42,0.42,0.36,547.0,258.0,2.12,0.0,80.0,0.0,9.0,1.0,84.0,20.0
C100A,2020-08-31T09:37:00-04:00,False,2020,8,244,9.0,0.9542425094393249,False,0.0,0.2,0.2,0.73,1.0,0.954,ok,0.2,0.53,0.09,0.06,0.06,0.04,44.6,173.0,0.258,6.0,83.0,0.0,64.0,0.0,80.0,12.0
C100A,2020-09-16T07:59:00-04:00,False,2020,9,260,137.0,2.1367205671564067,True,0.0,0.56,0.56,0.85,1.0,0.954,ok,0.56,0.29,0.69,0.5,0.33,0.56,437.0,247.0,1.769,5.0,77.0,0.0,9.0,6.0,83.0,15.0
C100A,2020-09-28T10:34:00-04:00,False,2020,9,272,10.0,1.0,False,0.0,0.0,0.09,0.14,0.988,0.954,ok,0.12,0.02,0.22,0.01,0.19,0.02,133.0,139.0,0.957,0.0,68.0,0.0,137.0,5.0,77.0,12.0
C100A,2020-10-12T10:26:00-04:00,False,2020,10,286,9.0,0.9542425094393249,False,1.71,1.8,1.81,1.81,0.994,0.954,ok,1.74,0.0,1.02,0.0,2.22,0.0,69.2,124.0,0.558,0.0,71.0,0.5,10.0,0.0,68.0,13.0
C100A,2020-10-21T11:41:00-04:00,False,2020,10,295,9.0,0.9542425094393249,False,0.0,0.01,0.01,0.16,1.0,0.954,ok,0.01,0.15,0.0,0.08,0.0,0.07,55.9,89.0,0.628,5.0,71.0,0.0,9.0,0.0,71.0,9.0
C100A,2020-12-02T09:47:00-05:00,False,2020,12,337,99.0,1.99563519459755,False,0.0,0.0,0.9,1.13,0.994,0.954,ok,0.9,0.23,0.84,0.27,0.99,0.19,174.0,166.0,1.048,0.0,53.0,0.0,9.0,5.0,71.0,41.0
C100A,2021-01-04T09:40:00-05:00,False,2021,1,4,453.0,2.656098202012832,True,0.0,0.41,0.7,2.9,1.0,0.99,ok,1.22,1.68,0.81,1.77,0.71,2.4,1560.0,443.0,3.521,0.0,52.0,0.0,99.0,0.0,53.0,32.0
C100A,2021-02-03T08:24:00-05:00,False,2021,2,34,99.0,1.99563519459755,False,0.0,0.01,1.02,1.46,1.0,0.99,ok,1.02,0.46,1.0,0.47,1.01,0.58,568.0,412.0,1.379,1.0,41.0,0.0,453.0,0.0,52.0,29.0
C100A,2021-03-02T12:00:00-05:00,False,2021,3,61,9.0,0.9542425094393249,False,0.01,0.01,0.09,0.37,1.0,0.99,ok,0.09,0.28,0.06,0.28,0.11,0.3,370.0,479.0,0.772,0.0,55.0,0.0,99.0,1.0,41.0,27.0
C100A,2021-04-06T08:15:00-04:00,False,2021,4,96,20.0,1.3010299956639813,False,0.0,0.0,0.0,0.89,1.0,0.99,ok,0.0,0.89,0.0,1.17,0.0,1.07,566.0,340.0,1.665,0.0,63.0,0.0,9.0,0.0,55.0,34.0
C100A,2021-04-20T09:19:00-04:00,False,2021,4,110,9.0,0.9542425094393249,False,0.35,0.35,0.35,0.35,1.0,0.99,ok,0.35,0.0,0.61,0.0,1.07,0.01,51.9,256.0,0.203,2.0,67.0,0.3,20.0,0.0,63.0,14.0
C100A,2021-05-04T10:21:00-04:00,False,2021,5,124,9.0,0.9542425094393249,False,0.35,0.35,0.35,0.35,1.0,0.99,ok,0.35,0.0,0.29,0.0,0.22,0.0,14.4,199.0,0.072,1.0,70.0,0.0,9.0,2.0,67.0,14.0
C100A,2021-05-18T10:19:00-04:00,False,2021,5,138,9.0,0.9542425094393249,False,0.0,0.01,0.01,0.56,1.0,0.99,ok,0.01,0.55,0.0,0.53,0.01,0.5,13.5,90.0,0.15,0.0,72.0,0.0,9.0,1.0,70.0,13.0
C100A,2021-06-15T10:12:00-04:00,False,2021,6,166,192.0,2.2833012287035497,True,0.38,0.39,0.39,3.07,1.0,0.99,ok,0.01,2.68,0.0,2.61,0.0,2.3,152.0,141.0,1.078,0.0,78.0,0.4,9.0,0.0,72.0,27.0
C100A,2021-06-16T11:59:00-04:00,False,2021,6,167,42.0,1.6232492903979006,False,0.51,0.89,0.9,3.53,1.0,0.99,ok,0.9,2.63,0.85,2.5,0.87,2.22,110.0,129.0,0.853,2.0,78.0,0.0,192.0,0.0,78.0,1.0
C100A,2021-06-29T10:25:00-04:00,False,2021,6,180,9.0,0.9542425094393249,False,0.13,0.13,0.13,2.22,1.0,0.99,ok,0.1,2.09,0.14,2.65,0.05,2.02,30.7,160.0,0.192,5.0,79.0,0.0,42.0,2.0,78.0,12.0
C100A,2021-07-20T10:55:00-04:00,False,2021,7,201,9.0,0.9542425094393249,False,0.27,2.43,2.43,2.5,1.0,0.99,ok,2.43,0.07,2.31,0.31,1.6,0.15,27.0,199.0,0.136,0.0,81.0,0.0,9.0,5.0,79.0,21.0
C100A,2021-07-29T09:03:00-04:00,False,2021,7,210,9.0,0.9542425094393249,False,0.29,0.29,0.54,0.55,0.976,0.99,ok,0.54,0.01,1.17,0.02,0.76,0.0,29.1,169.0,0.172,6.0,81.0,0.6,9.0,0.0,81.0,8.0
C100A,2021-08-12T08:50:00-04:00,False,2021,8,224,10.0,1.0,False,0.02,0.02,0.02,2.21,0.994,0.99,ok,0.02,2.19,0.0,1.23,0.05,1.59,980.0,186.0,5.269,4.0,81.0,0.0,9.0,6.0,81.0,13.0
C100A,2021-08-18T09:06:00-04:00,False,2021,8,230,31.0,1.4913616938342726,False,0.39,0.54,0.99,1.01,1.0,0.99,ok,0.6,0.02,0.22,0.0,0.07,0.05,71.8,258.0,0.278,1.0,81.0,0.0,10.0,4.0,81.0,6.0
C100A,2021-09-09T08:54:00-04:00,False,2021,9,252,9.0,0.9542425094393249,False,0.62,0.68,0.71,0.71,0.994,0.99,ok,0.69,0.03,0.57,0.03,0.45,0.02,12.7,184.0,0.069,5.0,80.0,0.0,31.0,1.0,81.0,21.0
C100A,2021-09-22T09:23:00-04:00,False,2021,9,265,20.0,1.3010299956639813,False,0.01,0.18,0.18,1.94,1.0,0.99,ok,0.18,1.76,0.19,0.87,0.06,2.02,29.0,143.0,0.203,10.0,78.0,0.0,9.0,5.0,80.0,13.0
C100A,2021-10-14T09:43:00-04:00,False,2021,10,287,9.0,0.9542425094393249,False,0.0,0.0,0.0,0.08,0.81,0.99,ok,0.0,0.08,0.0,0.78,0.0,0.84,36.2,101.0,0.358,5.0,72.0,0.0,20.0,10.0,78.0,22.0
C100A,2021-10-28T08:57:00-04:00,False,2021,10,301,42.0,1.6232492903979006,False,0.0,0.0,0.77,0.85,1.0,0.99,ok,0.78,0.07,0.83,0.3,0.93,0.25,18.9,90.0,0.21,5.0,66.0,0.0,9.0,5.0,72.0,13.0
C100A,2021-11-02T09:15:00-04:00,False,2021,11,306,20.0,1.3010299956639813,False,0.0,0.0,0.0,0.33,1.0,0.99,ok,0.0,1.05,0.0,1.02,0.0,0.85,21.8,85.0,0.256,5.0,67.0,0.0,42.0,5.0,66.0,5.0
C100A,2021-12-15T08:37:00-05:00,False,2021,12,349,9.0,0.9542425094393249,False,0.0,0.0,0.0,1.22,1.0,0.99,ok,0.13,1.43,0.19,1.44,0.16,1.68,49.8,244.0,0.204,5.0,51.0,0.0,20.0,5.0,67.0,43.0
C100A,2022-01-18T09:25:00-05:00,False,2022,1,18,31.0,1.4913616938342726,False,0.0,1.75,1.8,1.8,1.0,0.941,ok,1.8,0.0,1.66,0.0,2.4,0.0,195.0,401.0,0.486,1.0,49.0,0.0,9.0,5.0,51.0,34.0
C100A,2022-02-03T09:22:00-05:00,False,2022,2,34,10.0,1.0,False,0.0,0.0,0.0,0.08,0.994,0.941,ok,0.0,0.08,0.0,0.07,0.0,0.14,82.9,412.0,0.201,7.0,42.0,0.0,31.0,1.0,49.0,15.0
C100A,2022-03-01T10:33:00-05:00,False,2022,3,60,87.0,1.9395192526186185,False,0.0,0.28,0.28,0.28,1.0,0.941,ok,0.28,0.0,0.34,0.0,0.31,0.0,48.8,396.0,0.123,2.0,53.0,0.0,10.0,7.0,42.0,26.0
C100A,2022-04-05T08:39:00-04:00,False,2022,4,95,31.0,1.4913616938342726,False,0.0,0.0,0.0,1.1,1.0,0.941,ok,0.0,1.1,0.0,1.36,0.0,1.46,104.0,385.0,0.27,2.0,62.0,0.0,87.0,2.0,53.0,34.0
C100A,2022-04-20T10:27:00-04:00,False,2022,4,110,99.0,1.99563519459755,False,0.0,0.6,0.73,0.73,1.0,0.941,ok,0.73,0.0,0.66,0.0,0.93,0.0,46.9,256.0,0.183,2.0,60.0,0.0,31.0,2.0,62.0,15.0
C100A,2022-05-05T08:41:00-04:00,False,2022,5,125,20.0,1.3010299956639813,False,0.0,0.0,0.0,0.0,1.0,0.941,ok,0.0,0.0,0.07,0.0,0.07,0.0,9.77,197.0,0.05,19.0,72.0,0.0,99.0,2.0,60.0,14.0
C100A,2022-05-19T09:44:00-04:00,False,2022,5,139,9.0,0.9542425094393249,False,0.0,0.0,1.34,2.22,1.0,0.941,ok,1.34,0.93,1.22,0.82,1.04,0.68,43.8,119.0,0.368,10.0,72.0,0.0,20.0,19.0,72.0,14.0
C100A,2022-06-02T09:11:00-04:00,False,2022,6,153,9.0,0.9542425094393249,False,0.0,0.0,0.0,0.11,1.0,0.941,unverified,0.0,0.11,0.0,0.27,0.0,0.41,12.1,150.0,0.081,5.0,79.0,0.0,9.0,10.0,72.0,13.0
C100A,2022-06-16T09:53:00-04:00,False,2022,6,167,9.0,0.9542425094393249,False,0.0,0.0,0.0,0.77,1.0,0.941,ok,0.0,0.77,0.0,0.46,0.02,0.3,15.7,129.0,0.122,8.0,80.0,0.0,9.0,5.0,79.0,14.0
C100A,2022-07-20T10:00:00-04:00,False,2022,7,201,9.0,0.9542425094393249,False,0.0,0.46,0.46,1.42,0.994,0.941,ok,0.46,0.96,0.1,0.58,0.23,0.69,23.3,199.0,0.117,0.0,81.0,0.0,9.0,8.0,80.0,34.0
C100A,2022-07-28T10:04:00-04:00,False,2022,7,209,20.0,1.3010299956639813,False,0.0,0.04,0.05,1.56,0.976,0.941,ok,0.05,1.51,0.02,0.83,0.01,1.07,9.15,166.0,0.055,1.0,82.0,0.0,9.0,0.0,81.0,8.0
C100A,2022-08-03T10:22:00-04:00,False,2022,8,215,9.0,0.9542425094393249,False,0.0,0.29,0.5,0.59,1.0,0.941,ok,0.51,0.08,1.15,0.12,0.99,0.29,166.0,221.0,0.751,5.0,85.0,0.0,20.0,1.0,82.0,6.0
C100A,2022-08-18T09:39:00-04:00,False,2022,8,230,9.0,0.9542425094393249,False,0.0,1.13,1.19,2.99,1.0,0.941,ok,1.19,1.8,0.75,2.81,1.1,2.62,24.4,258.0,0.095,6.0,78.0,0.0,9.0,5.0,85.0,14.0
C100A,2022-09-14T09:11:00-04:00,False,2022,9,257,9.0,0.9542425094393249,False,0.0,0.0,0.24,0.91,1.0,0.941,ok,0.24,0.67,0.78,0.49,0.72,0.61,61.6,257.0,0.24,6.0,79.0,0.0,9.0,6.0,78.0,26.0
C100A,2022-09-28T09:10:00-04:00,False,2022,9,271,9.0,0.9542425094393249,False,0.0,0.0,0.0,0.29,1.0,0.941,ok,0.0,0.29,0.05,0.25,0.04,0.2,14.7,139.0,0.106,5.0,71.0,0.0,9.0,6.0,79.0,13.0
C100A,2022-10-12T09:10:00-04:00,False,2022,10,285,10.0,1.0,False,0.0,0.0,0.0,0.0,0.994,0.941,ok,0.0,0.0,0.0,0.0,0.0,0.0,35.1,124.0,0.283,5.0,67.0,0.0,9.0,5.0,71.0,14.0
C100A,2022-10-17T09:33:00-04:00,False,2022,10,290,9.0,0.9542425094393249,False,0.0,0.0,0.0,0.04,1.0,0.941,ok,0.0,0.04,0.0,0.04,0.0,0.1,24.2,121.0,0.2,4.0,68.0,0.0,10.0,5.0,67.0,5.0
C100A,2022-11-15T07:57:00-05:00,False,2022,11,319,9.0,0.9542425094393249,False,0.0,0.0,0.03,0.86,1.0,0.941,ok,0.03,0.83,0.04,0.64,0.04,0.65,9.14,143.0,0.064,10.0,59.0,0.0,9.0,4.0,68.0,28.0
C100A,2022-12-14T11:39:00-05:00,False,2022,12,348,53.0,1.7242758696007892,False,0.0,0.0,0.0,0.05,0.994,0.941,ok,0.0,0.05,0.0,0.04,0.0,0.07,13.3,231.0,0.058,6.0,49.0,0.0,9.0,10.0,59.0,29.0
C100A,2023-01-26T11:13:00-05:00,False,2023,1,26,478.0,2.6794278966121188,True,0.92,0.92,0.92,2.51,1.0,0.997,ok,0.91,1.58,1.38,1.46,1.53,1.7,185.0,531.0,0.348,8.0,51.0,0.0,53.0,6.0,49.0,42.0
C100A,2023-02-14T08:50:00-05:00,False,2023,2,45,288.0,2.459392487759231,True,0.0,0.28,1.22,1.61,1.0,0.997,ok,1.25,0.36,1.22,0.18,1.42,0.37,257.0,477.0,0.539,0.0,50.0,0.0,478.0,8.0,51.0,18.0
C100A,2023-03-22T09:48:00-04:00,False,2023,3,81,10.0,1.0,False,0.0,0.0,0.0,0.09,1.0,0.997,ok,0.0,0.09,0.0,0.05,0.04,0.08,43.2,443.0,0.098,8.0,55.0,0.0,288.0,0.0,50.0,35.0
C100A,2023-04-12T10:18:00-04:00,False,2023,4,102,9.0,0.9542425094393249,False,0.0,0.0,0.0,2.76,1.0,0.997,ok,0.27,2.49,0.24,2.39,0.22,2.81,704.0,365.0,1.929,0.0,60.0,0.0,10.0,8.0,55.0,21.0
C100A,2023-04-26T09:47:00-04:00,False,2023,4,116,42.0,1.6232492903979006,False,0.0,0.0,0.0,0.46,1.0,0.997,ok,0.0,0.46,0.0,0.56,0.01,0.79,63.0,160.0,0.394,2.0,64.0,0.0,9.0,0.0,60.0,13.0
C100A,2023-05-10T10:18:00-04:00,False,2023,5,130,9.0,0.9542425094393249,False,0.34,0.37,0.37,0.37,1.0,0.997,ok,0.37,0.0,0.72,0.0,1.0,0.0,39.7,158.0,0.251,0.0,69.0,0.6,42.0,2.0,64.0,14.0
C100A,2023-05-24T10:28:00-04:00,False,2023,5,144,9.0,0.9542425094393249,False,0.0,0.0,0.01,1.91,1.0,0.997,ok,0.01,1.9,0.04,1.48,0.08,1.44,19.2,184.0,0.104,5.0,68.0,0.0,9.0,0.0,69.0,14.0
C100A,2023-06-06T10:42:00-04:00,False,2023,6,157,9.0,0.9542425094393249,False,0.0,0.0,0.0,0.31,0.994,0.997,ok,0.0,0.31,0.0,0.0,0.0,0.02,32.7,176.0,0.186,8.0,71.0,0.0,9.0,5.0,68.0,13.0
C100A,2023-06-20T10:20:00-04:00,False,2023,6,171,10.0,1.0,False,0.0,0.0,0.0,0.0,1.0,0.997,ok,0.0,0.0,0.0,0.0,0.0,0.0,5.88,188.0,0.031,12.0,76.0,0.0,9.0,8.0,71.0,13.0
C100A,2023-07-13T09:59:00-04:00,False,2023,7,194,9.0,0.9542425094393249,False,0.0,0.0,0.0,0.73,0.994,0.997,ok,0.0,0.84,0.03,3.44,0.04,3.26,541.0,192.0,2.818,17.0,82.0,0.0,10.0,12.0,76.0,22.0
C100A,2023-07-25T10:23:00-04:00,False,2023,7,206,9.0,0.9542425094393249,False,0.0,0.06,1.16,1.16,1.0,0.997,ok,1.16,0.0,0.66,0.17,0.51,0.12,33.8,159.0,0.213,18.0,82.0,0.0,9.0,17.0,82.0,12.0
C100A,2023-08-03T10:07:00-04:00,False,2023,8,215,10.0,1.0,False,0.0,0.19,0.19,0.24,1.0,0.997,ok,0.19,0.05,0.04,0.07,0.05,0.17,16.1,221.0,0.073,9.0,78.0,0.0,9.0,18.0,82.0,8.0
C100A,2023-08-23T10:19:00-04:00,False,2023,8,235,99.0,1.99563519459755,False,0.0,0.0,0.0,0.22,0.988,0.997,ok,0.0,0.22,0.0,0.29,0.01,0.38,12.1,235.0,0.051,16.0,83.0,0.0,10.0,9.0,78.0,20.0
C100A,2023-09-07T11:34:00-04:00,False,2023,9,250,20.0,1.3010299956639813,False,0.0,0.0,0.0,0.04,1.0,0.997,ok,0.0,1.86,0.0,1.59,0.0,1.13,281.0,219.0,1.283,14.0,83.0,0.0,99.0,16.0,83.0,15.0
C100A,2023-09-20T10:22:00-04:00,False,2023,9,263,9.0,0.9542425094393249,False,0.0,0.0,0.19,1.8,1.0,0.997,ok,0.19,1.61,0.15,1.75,0.22,0.96,19.3,185.0,0.104,20.0,77.0,0.0,20.0,14.0,83.0,12.0
C100A,2023-10-19T10:54:00-04:00,False,2023,10,292,9.0,0.9542425094393249,False,0.0,0.0,0.0,0.3,0.988,0.997,ok,0.0,0.73,0.0,0.7,0.0,0.75,10.9,102.0,0.107,15.0,64.0,0.0,9.0,20.0,77.0,29.0
C100A,2023-10-26T12:13:00-04:00,False,2023,10,299,9.0,0.9542425094393249,False,0.0,0.0,0.0,0.17,1.0,0.997,ok,0.0,0.17,0.0,0.15,0.0,0.12,13.0,70.0,0.186,16.0,65.0,0.0,9.0,15.0,64.0,7.0
C100A,2023-11-20T12:00:00-05:00,False,2023,11,324,9.0,0.9542425094393249,False,0.0,0.0,0.0,0.0,1.0,0.997,ok,0.0,0.0,0.03,0.0,0.09,0.0,8.3,130.0,0.064,16.0,54.0,0.0,9.0,16.0,65.0,25.0
C100A,2023-12-14T09:23:00-05:00,False,2023,12,348,9.0,0.9542425094393249,False,0.0,0.0,0.0,2.3,1.0,0.997,ok,0.49,1.81,0.45,1.62,0.55,1.49,197.0,231.0,0.853,5.0,49.0,0.0,9.0,16.0,54.0,23.0
C100A,2024-01-11T09:10:00-05:00,False,2024,1,11,99.0,1.99563519459755,False,0.0,1.25,1.26,1.39,0.994,0.998,ok,1.26,0.32,1.23,0.25,1.74,0.35,262.0,371.0,0.706,5.0,49.0,0.0,9.0,5.0,49.0,27.0
C100A,2024-02-26T10:33:00-05:00,False,2024,2,57,87.0,1.9395192526186185,False,0.0,0.0,0.09,0.12,1.0,0.998,ok,0.12,0.0,0.11,0.0,0.19,0.0,58.4,399.0,0.146,6.0,51.0,0.0,99.0,5.0,49.0,46.0
C100A,2024-03-27T09:03:00-04:00,False,2024,3,87,53.0,1.7242758696007892,False,0.0,0.0,0.0,1.6,0.982,0.998,ok,0.0,1.6,0.0,1.71,0.0,1.92,261.0,402.0,0.649,10.0,55.0,0.0,87.0,6.0,51.0,29.0
C100A,2024-04-17T10:38:00-04:00,False,2024,4,108,9.0,0.9542425094393249,False,0.0,0.0,0.0,0.64,1.0,0.998,ok,0.0,0.64,0.0,0.87,0.0,1.2,50.1,358.0,0.14,5.0,67.0,0.0,53.0,10.0,55.0,21.0
C100A,2024-04-24T10:27:00-04:00,False,2024,4,115,10.0,1.0,False,0.0,0.0,0.34,1.04,0.988,0.998,ok,0.82,0.22,0.74,0.04,0.76,0.08,58.2,192.0,0.303,6.0,61.0,0.0,9.0,5.0,67.0,6.0
C100A,2024-05-08T08:33:00-04:00,False,2024,5,129,9.0,0.9542425094393249,False,0.0,0.24,0.24,1.03,0.988,0.998,ok,0.24,0.79,0.2,2.54,0.29,2.31,18.5,141.0,0.131,6.0,71.0,0.0,10.0,6.0,61.0,13.0
C100A,2024-05-22T09:18:00-04:00,False,2024,5,143,31.0,1.4913616938342726,False,0.0,0.0,0.0,1.43,1.0,0.998,ok,0.01,1.42,0.0,1.35,0.0,1.74,133.0,186.0,0.715,0.0,72.0,0.0,9.0,6.0,71.0,14.0
C100A,2024-06-12T09:19:00-04:00,False,2024,6,164,10.0,1.0,False,0.0,0.01,0.01,0.24,0.994,0.998,ok,0.01,0.23,0.02,0.16,0.04,0.14,10.2,195.0,0.052,8.0,78.0,0.0,31.0,0.0,72.0,21.0
C100A,2024-06-26T09:04:00-04:00,False,2024,6,178,10.0,1.0,False,0.0,0.16,0.16,0.16,1.0,0.998,ok,0.16,0.0,0.3,0.0,0.47,0.0,2.27,155.0,0.015,5.0,83.0,0.0,10.0,8.0,78.0,13.0
C100A,2024-07-10T09:04:00-04:00,False,2024,7,192,10.0,1.0,False,0.01,1.0,1.0,3.2,0.994,0.998,ok,1.0,2.2,0.66,2.62,0.96,3.2,16.6,149.0,0.111,6.0,83.0,0.0,10.0,5.0,83.0,14.0
C100A,2024-07-24T10:05:00-04:00,False,2024,7,206,9.0,0.9542425094393249,False,0.09,0.1,0.22,4.94,0.946,0.998,ok,1.34,3.51,1.07,4.33,0.37,5.6,925.0,136.0,6.801,3.0,81.0,0.0,10.0,6.0,83.0,14.0
C100A,2024-08-21T10:25:00-04:00,False,2024,8,234,9.0,0.9542425094393249,False,0.0,0.02,0.15,0.15,1.0,0.998,ok,0.15,0.0,0.21,0.0,0.17,0.0,179.0,211.0,0.848,5.0,78.0,0.0,9.0,3.0,81.0,28.0
C100A,2024-08-29T10:18:00-04:00,False,2024,8,242,9.0,0.9542425094393249,False,0.0,0.0,0.0,0.0,1.0,0.998,ok,0.0,0.0,0.0,0.0,0.0,0.0,52.4,192.0,0.273,3.0,82.0,0.0,9.0,5.0,78.0,7.0
C100A,2024-09-11T10:37:00-04:00,False,2024,9,255,20.0,1.3010299956639813,False,0.0,0.0,0.0,0.61,0.964,0.998,ok,0.0,0.61,0.0,0.72,0.0,0.61,83.9,210.0,0.4,5.0,74.0,0.0,9.0,3.0,82.0,13.0
C100A,2024-09-26T09:52:00-04:00,False,2024,9,270,31.0,1.4913616938342726,False,0.04,0.04,0.04,0.22,0.982,0.998,ok,0.04,0.18,0.02,0.25,0.04,0.37,325.0,144.0,2.257,4.0,76.0,0.0,20.0,5.0,74.0,14.0
C100A,2024-10-03T10:12:00-04:00,False,2024,10,277,42.0,1.6232492903979006,False,0.0,0.0,0.28,0.47,1.0,0.998,ok,0.28,0.19,0.95,0.24,1.15,0.31,474.0,239.0,1.983,7.0,75.0,0.0,31.0,4.0,76.0,7.0
C100A,2024-10-22T10:09:00-04:00,False,2024,10,296,20.0,1.3010299956639813,False,0.0,0.0,0.0,0.0,1.0,0.998,ok,0.0,0.0,0.0,0.05,0.0,0.05,33.1,83.0,0.399,4.0,62.0,0.0,42.0,7.0,75.0,18.0
C100A,2024-11-25T10:29:00-05:00,False,2024,11,330,53.0,1.7242758696007892,False,0.0,0.0,0.0,0.21,0.988,0.998,ok,0.0,0.21,0.0,0.23,0.0,0.26,21.1,115.0,0.183,3.0,52.0,0.0,20.0,4.0,62.0,34.0
C100A,2024-12-16T10:30:00-05:00,False,2024,12,351,87.0,1.9395192526186185,False,0.0,0.0,0.0,0.93,1.0,0.998,ok,0.0,0.94,0.0,0.86,0.0,0.93,58.0,251.0,0.231,4.0,51.0,0.0,53.0,3.0,52.0,21.0
C100A,2025-01-14T09:33:00-05:00,False,2025,1,14,20.0,1.3010299956639813,False,0.0,0.0,0.0,0.03,1.0,0.669,ok,0.03,0.0,0.29,0.35,0.24,0.27,63.7,405.0,0.157,0.0,40.0,0.0,87.0,4.0,51.0,28.0
C100A,2025-02-25T10:21:00-05:00,False,2025,2,56,10.0,1.0,False,0.0,0.0,0.0,0.66,1.0,0.669,ok,0.0,0.66,0.0,0.75,0.0,0.85,136.0,444.0,0.306,0.0,46.0,0.0,20.0,0.0,40.0,42.0
C100A,2025-03-20T08:43:00-04:00,False,2025,3,79,10.0,1.0,False,0.0,0.0,0.15,1.75,1.0,0.669,ok,0.76,0.99,0.8,0.94,0.43,1.17,413.0,418.0,0.988,0.0,56.0,0.0,10.0,0.0,46.0,22.0
C100A,2025-04-10T10:42:00-04:00,False,2025,4,100,20.0,1.3010299956639813,False,0.0,0.0,0.68,0.68,1.0,0.669,ok,0.68,0.0,0.69,0.0,0.72,0.0,51.1,284.0,0.18,3.0,65.0,0.0,10.0,0.0,56.0,21.0
C100A,2025-04-24T10:22:00-04:00,False,2025,4,114,10.0,1.0,False,0.06,0.67,0.67,0.67,0.911,0.669,ok,0.67,0.0,0.58,0.0,1.37,0.0,30.8,192.0,0.16,0.0,70.0,0.0,20.0,3.0,65.0,13.0
C100A,2025-05-07T10:26:00-04:00,False,2025,5,127,10.0,1.0,False,0.0,0.0,0.02,1.14,1.0,0.669,ok,1.14,0.0,0.98,0.0,0.66,0.05,44.6,177.0,0.252,0.0,72.0,0.0,10.0,0.0,70.0,13.0
C100A,2025-05-21T10:37:00-04:00,False,2025,5,141,31.0,1.4913616938342726,False,0.07,0.07,0.07,0.42,0.97,0.669,ok,0.0,0.35,0.0,0.8,0.0,1.01,322.0,154.0,2.091,5.0,75.0,0.0,10.0,0.0,72.0,14.0
C100A,2025-06-04T10:28:00-04:00,False,2025,6,155,9.0,0.9542425094393249,False,0.0,0.0,0.05,0.73,1.0,0.669,ok,0.05,1.37,0.02,1.57,0.04,1.66,724.0,129.0,5.612,3.0,72.0,0.0,31.0,5.0,75.0,13.0
C100A,2025-06-19T10:38:00-04:00,False,2025,6,170,10.0,1.0,False,0.0,0.48,1.15,2.32,1.0,0.669,ok,1.15,1.17,1.31,1.08,1.49,1.04,149.0,177.0,0.842,0.0,80.0,0.0,9.0,3.0,72.0,15.0
C100A,2025-07-10T10:10:00-04:00,False,2025,7,191,9.0,0.9542425094393249,False,0.0,0.0,0.0,0.3,1.0,0.669,ok,0.0,0.31,0.12,1.1,0.07,1.09,211.0,149.0,1.416,8.0,81.0,0.0,10.0,0.0,80.0,20.0
C100A,2025-07-16T10:45:00-04:00,False,2025,7,197,20.0,1.3010299956639813,False,0.03,0.03,0.03,0.31,1.0,0.669,mismatch,0.03,0.28,0.42,1.15,0.23,0.59,31.4,163.0,0.193,3.0,85.0,0.0,9.0,8.0,81.0,6.0
C100A,2025-08-13T10:24:00-04:00,False,2025,8,225,99.0,1.99563519459755,False,0.0,0.0,0.0,0.0,1.0,0.669,mismatch,0.0,0.0,1.81,0.62,1.46,0.8,550.0,304.0,1.809,5.0,80.0,0.0,20.0,3.0,85.0,27.0
C100A,2025-08-14T09:18:00-04:00,False,2025,8,226,20.0,1.3010299956639813,False,0.0,0.0,0.0,0.0,1.0,0.669,mismatch,0.0,0.0,1.34,0.54,1.11,0.41,416.0,277.0,1.502,6.0,80.0,0.0,99.0,5.0,80.0,0.0
C100A,2025-08-27T09:42:00-04:00,False,2025,8,239,20.0,1.3010299956639813,False,0.0,0.0,0.0,0.0,1.0,0.669,ok,0.0,0.0,0.25,0.02,0.28,0.09,98.8,233.0,0.424,5.0,77.0,0.0,20.0,6.0,80.0,13.0
C100A,2025-09-11T09:25:00-04:00,False,2025,9,254,9.0,0.9542425094393249,False,0.0,0.0,0.0,0.0,0.994,0.669,ok,0.0,0.0,0.0,0.0,0.0,0.04,11.0,210.0,0.052,5.0,72.0,0.0,20.0,5.0,77.0,14.0
C100A,2025-09-25T10:16:00-04:00,False,2025,9,268,10.0,1.0,False,0.0,0.0,0.0,0.0,0.988,0.669,mismatch,0.0,0.0,0.44,0.0,0.25,0.0,8.98,141.0,0.064,5.0,77.0,0.0,9.0,5.0,72.0,14.0
C100A,2025-10-22T10:09:00-04:00,False,2025,10,295,10.0,1.0,False,0.0,0.0,0.0,0.0,1.0,0.669,ok,0.0,0.0,0.0,0.0,0.0,0.0,8.22,83.0,0.099,12.0,63.0,0.0,10.0,5.0,77.0,26.0
C100A,2025-10-30T09:01:00-04:00,False,2025,10,303,64.0,1.806179973983887,False,0.13,0.69,0.97,0.97,1.0,0.669,ok,0.94,0.0,0.92,0.0,1.14,0.0,11.7,93.0,0.126,9.0,60.0,0.33,10.0,12.0,63.0,7.0
C100A,2025-11-18T10:48:00-05:00,False,2025,11,322,124.0,2.093421685162235,True,0.0,0.0,0.0,0.0,1.0,0.669,ok,0.0,0.0,0.0,0.0,0.0,0.0,8.73,136.0,0.064,7.0,51.0,0.0,64.0,9.0,60.0,19.0
C100A,2025-12-10T10:31:00-05:00,False,2025,12,344,31.0,1.4913616938342726,False,0.0,0.02,0.02,0.74,1.0,0.669,ok,0.02,0.72,0.05,0.66,0.05,0.73,71.7,195.0,0.368,10.0,42.0,0.0,124.0,7.0,51.0,21.0
C100A,2026-01-13T10:05:00-05:00,False,2026,1,13,31.0,1.4913616938342726,False,0.0,0.0,0.1,0.1,1.0,0.774,ok,0.1,0.0,0.13,0.0,0.13,0.0,19.3,391.0,0.049,12.0,46.0,0.0,31.0,10.0,42.0,33.0
C100A,2026-02-24T09:20:00-05:00,False,2026,2,55,20.0,1.3010299956639813,False,0.0,0.14,0.23,0.28,1.0,0.774,ok,0.23,0.05,0.37,0.08,0.28,0.06,45.8,423.0,0.108,3.0,56.0,0.0,31.0,12.0,46.0,41.0
C100A,2026-03-23T08:25:00-04:00,False,2026,3,82,64.0,1.806179973983887,False,0.0,0.0,0.0,0.77,1.0,0.774,ok,0.0,0.77,0.0,0.72,0.0,0.68,88.9,435.0,0.204,2.0,63.0,0.0,20.0,3.0,56.0,26.0
C100A,2026-04-16T08:39:00-04:00,False,2026,4,106,20.0,1.3010299956639813,False,0.0,0.0,0.0,0.0,1.0,0.774,ok,0.0,0.0,0.0,0.0,0.0,0.0,16.1,323.0,0.05,4.0,65.0,0.0,64.0,2.0,63.0,24.0
C100A,2026-04-22T09:23:00-04:00,False,2026,4,112,42.0,1.6232492903979006,False,0.0,0.0,0.02,0.02,1.0,0.774,ok,0.02,0.0,0.04,0.0,0.05,0.0,5.36,218.0,0.025,12.0,67.0,0.0,20.0,4.0,65.0,6.0
C100A,2026-05-13T10:02:00-04:00,False,2026,5,133,9.0,0.9542425094393249,False,0.0,0.04,0.04,0.98,1.0,0.774,ok,0.04,0.94,0.0,1.13,0.02,1.1,10.0,136.0,0.074,7.0,69.0,0.0,42.0,12.0,67.0,21.0
C100A,2026-05-28T08:05:00-04:00,False,2026,5,148,9.0,0.9542425094393249,False,0.09,0.1,0.32,1.0,1.0,0.774,ok,0.3,0.68,0.32,0.59,0.34,0.69,8.61,110.0,0.078,5.0,79.0,0.0,9.0,7.0,69.0,14.0
C100A,2026-06-10T08:04:00-04:00,False,2026,6,161,9.0,0.9542425094393249,False,0.0,0.0,0.0,0.0,0.994,0.774,ok,0.0,0.0,0.0,0.0,0.0,0.0,0.34,162.0,0.002,16.0,78.0,0.0,9.0,5.0,79.0,12.0
C100A,2026-06-24T09:51:00-04:00,False,2026,6,175,10.0,1.0,False,0.11,0.11,0.11,0.16,1.0,0.774,ok,0.11,0.23,0.67,0.3,0.58,0.41,0.26,154.0,0.002,12.0,77.0,0.0,9.0,16.0,78.0,14.0
C100A,2026-07-08T08:14:00-04:00,False,2026,7,189,9.0,0.9542425094393249,False,0.08,0.47,0.47,0.47,0.994,0.774,ok,0.47,0.0,1.44,0.0,1.2,0.0,0.73,264.0,0.003,15.0,85.0,0.0,10.0,12.0,77.0,13.0
C100A,2026-07-29T08:58:00-04:00,False,2026,7,210,31.0,1.4913616938342726,False,0.08,0.92,0.92,2.76,1.0,0.774,ok,0.84,1.84,1.62,2.11,1.79,2.38,14.5,169.0,0.086,8.0,82.0,0.2,9.0,15.0,85.0,21.0
C100A,2026-08-12T08:39:00-04:00,False,2026,8,224,111.0,2.0453229787866576,True,0.0,0.57,0.57,0.57,0.143,0.774,mismatch,0.57,0.0,1.73,0.1,1.44,0.1,5.84,186.0,0.031,11.0,83.0,0.0,31.0,8.0,82.0,13.0
C100A,2026-08-13T08:22:00-04:00,False,2026,8,225,10.0,1.0,False,0.0,0.0,0.57,0.57,0.274,0.774,mismatch,0.57,0.0,1.73,0.08,1.44,0.09,4.89,304.0,0.016,15.0,83.0,0.0,111.0,11.0,83.0,0.0
C100A,2026-08-26T08:23:00-04:00,False,2026,8,238,53.0,1.7242758696007892,False,0.0,0.0,0.0,0.42,0.696,0.774,mismatch,0.0,0.42,1.38,1.55,1.13,1.38,29.4,213.0,0.138,11.0,82.0,0.0,10.0,15.0,83.0,13.0
C100A,2026-09-17T10:31:00-04:00,False,2026,9,260,9.0,0.9542425094393249,False,0.0,0.0,0.03,0.03,0.946,0.774,ok,0.03,0.0,0.0,0.0,0.0,0.2,13.3,239.0,0.056,18.0,80.0,0.0,53.0,11.0,82.0,22.0
C100A,2026-09-30T09:52:00-04:00,False,2026,9,273,9.0,0.9542425094393249,False,0.0,0.0,0.0,0.0,0.952,0.774,ok,0.0,0.0,0.0,0.01,0.0,0.04,4.16,161.0,0.026,14.0,76.0,0.0,9.0,18.0,80.0,12.0
C99,1997-06-03T11:13:00-04:00,False,1997,6,154,9.0,0.9542425094393249,False,0.0,0.0,0.0,0.0,0.685,,unverified,0.0,0.0,,,,,15.0,154.0,0.097,2.0,75.0,0.0,,,,
C99,1997-06-10T10:46:00-04:00,False,1997,6,161,9.0,0.9542425094393249,False,0.0,0.0,0.0,0.0,0.679,,unverified,0.0,0.0,,,,,72.0,162.0,0.444,1.0,63.0,0.0,9.0,2.0,75.0,6.0
C99,1997-06-17T11:32:00-04:00,False,1997,6,168,9.0,0.9542425094393249,False,0.0,0.0,0.0,0.0,0.69,,unverified,0.0,0.0,,,,,38.0,130.0,0.292,2.0,73.0,0.0,9.0,1.0,63.0,7.0
C99,1997-06-24T10:56:00-04:00,False,1997,6,175,20.0,1.3010299956639813,False,0.0,0.0,0.0,0.0,0.69,,unverified,0.0,0.0,,,,,18.0,154.0,0.117,2.0,79.0,0.0,9.0,2.0,73.0,6.0
C99,1997-07-01T10:18:00-04:00,False,1997,7,182,9.0,0.9542425094393249,False,0.0,0.0,0.0,0.0,0.708,,unverified,0.0,0.0,,,,,10.0,104.0,0.096,4.0,77.0,0.0,20.0,2.0,79.0,6.0
C99,1997-07-08T11:34:00-04:00,False,1997,7,189,9.0,0.9542425094393249,False,0.0,0.0,0.0,0.0,0.708,,unverified,0.0,0.0,,,,,10.0,264.0,0.038,4.0,78.0,0.0,9.0,4.0,77.0,7.0
C99,1997-07-15T12:01:00-04:00,False,1997,7,196,9.0,0.9542425094393249,False,0.0,0.0,0.0,0.0,0.649,,unverified,0.0,0.0,,,,,5.0,173.0,0.029,4.0,80.0,0.0,9.0,4.0,78.0,7.0
C99,1997-07-21T11:07:00-04:00,False,1997,7,202,9.0,0.9542425094393249,False,0.0,0.0,0.0,0.0,0.696,,unverified,0.0,0.0,,,,,17.0,155.0,0.11,4.0,82.0,0.0,9.0,4.0,80.0,5.0
C99,1997-08-01T10:43:00-04:00,False,1997,8,213,20.0,1.3010299956639813,False,0.0,0.0,0.0,0.0,0.696,,unverified,0.0,0.0,,,,,200.0,238.0,0.84,6.0,80.0,2.0,9.0,4.0,82.0,10.0
C99,1997-08-05T10:50:00-04:00,False,1997,8,217,9.0,0.9542425094393249,False,0.0,0.0,0.0,0.0,0.679,,unverified,0.0,0.0,,,,,150.0,256.0,0.586,4.0,79.0,0.0,20.0,6.0,80.0,4.0
C99,1997-08-11T11:36:00-04:00,False,1997,8,223,9.0,0.9542425094393249,False,0.0,0.0,0.0,0.0,0.685,,unverified,0.0,0.0,,,,,47.0,203.0,0.232,6.0,79.0,0.0,9.0,4.0,79.0,6.0
C99,1997-08-19T12:04:00-04:00,False,1997,8,231,20.0,1.3010299956639813,False,0.0,0.0,0.0,0.0,0.679,,unverified,0.0,0.0,,,,,12.0,276.0,0.043,8.0,81.0,0.5,9.0,6.0,79.0,8.0
C99,1997-08-26T10:37:00-04:00,False,1997,8,238,9.0,0.9542425094393249,False,0.0,0.0,0.0,0.0,0.685,,unverified,0.0,0.0,,,,,38.0,213.0,0.178,6.0,81.0,0.0,20.0,8.0,81.0,6.0
C99,1997-09-08T11:26:00-04:00,False,1997,9,251,9.0,0.9542425094393249,False,0.0,0.0,0.0,0.0,0.601,,unverified,0.0,0.0,,,,,10.0,199.0,0.05,8.0,76.0,0.0,9.0,6.0,81.0,13.0
C99,1997-10-06T11:10:00-04:00,False,1997,10,279,9.0,0.9542425094393249,False,0.0,0.0,0.0,0.0,0.655,,unverified,0.0,0.0,,,,,27.0,177.0,0.153,8.0,76.0,0.0,9.0,8.0,76.0,27.0
C99,1997-10-29T11:33:00-05:00,False,1997,10,302,9.0,0.9542425094393249,False,0.0,0.01,0.54,0.72,0.708,,unverified,0.54,0.24,,,,,13.0,92.0,0.141,10.0,64.0,0.0,9.0,8.0,76.0,23.0
C99,1997-11-12T11:27:00-05:00,False,1997,11,316,10.0,1.0,False,0.0,0.0,0.01,0.07,1.089,,unverified,0.01,0.06,,,,,30.0,181.0,0.166,10.0,60.0,0.0,9.0,10.0,64.0,13.0
C99,1997-12-03T11:24:00-05:00,False,1997,12,337,9.0,0.9542425094393249,False,0.0,0.04,0.37,2.29,0.815,,unverified,2.26,0.03,,,,,204.0,194.0,1.052,10.0,56.0,0.0,10.0,10.0,60.0,20.0
C99,1998-01-06T11:18:00-05:00,False,1998,1,6,9.0,0.9542425094393249,False,0.0,0.0,0.0,0.0,0.702,1.629,unverified,0.0,0.0,,,,,251.0,411.0,0.611,1.0,54.0,0.1,9.0,10.0,56.0,33.0
C99,1998-03-05T10:58:00-05:00,False,1998,3,64,10.0,1.0,False,0.0,0.03,0.07,0.4,0.994,1.629,unverified,0.07,0.33,,,,,240.0,494.0,0.486,0.0,55.0,0.0,9.0,1.0,54.0,57.0
C99,1998-04-13T11:15:00-04:00,False,1998,4,103,10.0,1.0,False,0.0,0.0,0.04,1.57,1.0,1.629,ok,0.04,1.53,,,,,1050.0,332.0,3.163,0.0,64.0,0.0,10.0,0.0,55.0,38.0
C99,1998-05-18T11:37:00-04:00,False,1998,5,138,10.0,1.0,False,0.1,0.1,0.1,0.37,0.994,1.629,ok,0.11,0.41,,,,,88.0,90.0,0.978,0.0,72.0,1.5,10.0,0.0,64.0,35.0
C99,1998-05-26T10:50:00-04:00,False,1998,5,146,9.0,0.9542425094393249,False,0.0,0.08,0.08,0.34,0.964,1.629,mismatch,0.33,0.01,,,,,35.0,152.0,0.23,0.0,78.0,1.2,10.0,0.0,72.0,7.0
C99,1998-06-03T10:31:00-04:00,False,1998,6,154,9.0,0.9542425094393249,False,0.0,0.0,0.27,2.02,0.988,1.629,ok,0.27,1.75,,,,,54.0,154.0,0.351,0.0,82.0,0.0,9.0,0.0,78.0,7.0
C99,1998-06-15T10:24:00-04:00,False,1998,6,166,9.0,0.9542425094393249,False,0.03,0.03,0.23,0.28,0.97,1.629,ok,0.2,0.05,,,,,9.4,141.0,0.067,0.0,80.0,0.0,9.0,0.0,82.0,11.0
C99,1998-07-06T10:26:00-04:00,False,1998,7,187,10.0,1.0,False,0.0,0.26,0.26,0.87,0.994,1.629,ok,0.26,0.61,,,,,2.7,358.0,0.008,0.0,84.0,1.0,9.0,0.0,80.0,21.0
C99,1998-07-23T10:56:00-04:00,False,1998,7,204,9.0,0.9542425094393249,False,0.0,0.0,0.0,0.81,0.976,1.629,ok,0.0,0.99,,,,,7.4,128.0,0.058,0.0,86.0,0.0,10.0,0.0,84.0,17.0
C99,1998-08-10T10:56:00-04:00,False,1998,8,222,9.0,0.9542425094393249,False,0.07,0.07,0.08,0.09,0.988,1.629,ok,0.07,0.01,,,,,11.0,206.0,0.053,2.0,87.0,0.0,9.0,0.0,86.0,18.0
C99,1998-09-10T10:15:00-04:00,False,1998,9,253,9.0,0.9542425094393249,False,0.0,0.71,0.71,2.55,1.0,1.629,ok,0.71,1.84,,,,,526.0,193.0,2.725,0.0,76.0,0.0,9.0,2.0,87.0,30.0
C99,1998-09-21T11:11:00-04:00,False,1998,9,264,9.0,0.9542425094393249,False,0.0,0.0,0.0,0.55,0.714,1.629,ok,0.0,0.56,,,,,31.0,165.0,0.188,0.0,83.0,0.0,9.0,0.0,76.0,11.0
C99,1998-10-07T11:58:00-04:00,False,1998,10,280,9.0,0.9542425094393249,False,0.0,0.0,0.01,0.18,1.0,1.629,ok,0.01,0.18,,,,,9.6,151.0,0.064,0.0,75.0,0.0,9.0,0.0,83.0,16.0
C99,1998-10-19T11:28:00-04:00,False,1998,10,292,9.0,0.9542425094393249,False,0.01,0.01,0.02,0.05,1.0,1.629,ok,0.01,0.04,,,,,5.8,102.0,0.057,2.0,72.0,0.0,9.0,0.0,75.0,11.0
C99,1998-11-09T11:23:00-05:00,False,1998,11,313,10.0,1.0,False,0.0,0.0,0.0,0.01,1.0,1.629,ok,0.0,0.01,,,,,5.8,151.0,0.038,4.0,57.0,0.0,9.0,2.0,72.0,21.0
C99,1998-12-07T11:37:00-05:00,False,1998,12,341,9.0,0.9542425094393249,False,0.0,0.0,0.01,0.03,0.988,1.629,ok,0.01,0.03,,,,,5.3,190.0,0.028,2.0,65.0,0.0,10.0,4.0,57.0,28.0
C99,1999-01-20T11:04:00-05:00,False,1999,1,20,10.0,1.0,False,0.0,0.3,0.41,1.57,0.988,0.946,ok,0.41,1.16,,,,,290.0,412.0,0.704,0.0,54.0,0.0,9.0,2.0,65.0,43.0
C99,1999-02-09T11:49:00-05:00,False,1999,2,40,53.0,1.7242758696007892,False,0.0,0.0,0.0,0.09,1.0,0.946,ok,0.0,0.74,,,,,304.0,522.0,0.582,1.0,56.0,0.0,10.0,0.0,54.0,20.0
C99,1999-03-02T10:25:00-05:00,False,1999,3,61,20.0,1.3010299956639813,False,0.0,0.24,0.24,0.27,1.0,0.946,ok,0.24,0.03,,,,,116.0,479.0,0.242,2.0,53.0,0.0,53.0,1.0,56.0,20.0
C99,1999-04-19T10:52:00-04:00,False,1999,4,109,9.0,0.9542425094393249,False,0.0,0.0,0.0,0.28,1.0,0.946,ok,0.0,0.28,,,,,207.0,282.0,0.734,0.0,65.0,0.0,20.0,2.0,53.0,47.0
C99,1999-05-10T11:36:00-04:00,False,1999,5,130,9.0,0.9542425094393249,False,0.0,0.0,0.8,0.85,1.0,0.946,ok,0.8,0.05,,,,,113.0,158.0,0.715,2.0,77.0,0.0,9.0,0.0,65.0,21.0
C99,1999-05-19T11:30:00-04:00,False,1999,5,139,9.0,0.9542425094393249,False,0.0,0.0,0.01,0.92,0.952,0.946,ok,0.01,0.91,,,,,191.0,119.0,1.605,6.0,73.0,0.0,9.0,2.0,77.0,8.0
C99,1999-06-03T10:10:00-04:00,False,1999,6,154,9.0,0.9542425094393249,False,0.0,0.01,0.01,0.03,0.988,0.946,ok,0.02,0.01,,,,,15.0,154.0,0.097,6.0,79.0,0.0,9.0,6.0,73.0,14.0
C99,1999-06-30T11:59:00-04:00,False,1999,6,181,10.0,1.0,False,0.01,0.24,0.27,0.6,0.988,0.946,ok,0.27,0.32,,,,,33.0,135.0,0.244,6.0,81.0,0.0,9.0,6.0,79.0,27.0
C99,2002-10-28T11:33:00-05:00,False,2002,10,301,9.0,0.9542425094393249,False,0.0,0.01,0.03,0.12,0.994,1.006,ok,0.03,0.11,,,,,12.0,90.0,0.133,8.0,68.0,0.0,10.0,6.0,81.0,1216.0
C99,2002-11-15T10:22:00-05:00,False,2002,11,319,10.0,1.0,False,0.01,0.19,0.69,0.98,1.0,1.006,ok,0.69,0.29,,,,,45.6,143.0,0.319,4.0,55.0,0.0,9.0,8.0,68.0,17.0
C99,2002-12-30T10:27:00-05:00,False,2002,12,364,53.0,1.7242758696007892,False,0.0,0.0,0.0,0.43,1.0,1.006,ok,0.0,0.43,,,,,122.0,425.0,0.287,2.0,45.0,0.0,10.0,4.0,55.0,45.0
C99,2003-01-14T12:45:00-05:00,False,2003,1,14,9.0,0.9542425094393249,False,0.0,0.0,0.0,0.0,0.994,0.973,ok,0.0,0.0,,,,,64.6,405.0,0.16,10.0,44.0,0.0,53.0,2.0,45.0,15.0
C99,2003-02-14T11:05:00-05:00,False,2003,2,45,9.0,0.9542425094393249,False,0.0,0.0,0.0,0.59,0.988,0.973,ok,0.0,1.32,,,,,178.0,477.0,0.373,4.0,47.0,0.0,9.0,10.0,44.0,30.0
C99,2003-03-25T10:30:00-05:00,False,2003,3,84,10.0,1.0,False,0.0,0.0,0.01,1.72,0.994,0.973,ok,0.01,1.74,,,,,1430.0,363.0,3.939,0.0,64.0,0.0,9.0,4.0,47.0,38.0
C99,2003-04-08T11:06:00-04:00,False,2003,4,98,42.0,1.6232492903979006,False,0.39,0.51,0.54,0.54,0.994,0.973,ok,0.53,0.0,,,,,114.0,271.0,0.421,0.0,61.0,0.5,10.0,0.0,64.0,13.0
C99,2003-04-22T11:08:00-04:00,False,2003,4,112,10.0,1.0,False,0.0,0.01,0.01,0.19,1.0,0.973,ok,0.01,0.18,,,,,179.0,218.0,0.821,0.0,73.0,0.0,42.0,0.0,61.0,14.0
C99,2003-05-14T10:57:00-04:00,False,2003,5,134,20.0,1.3010299956639813,False,0.0,0.0,0.0,0.02,1.0,0.973,ok,0.0,0.02,,,,,48.3,130.0,0.372,0.0,72.0,0.0,10.0,0.0,73.0,21.0
C99,2003-05-29T11:33:00-04:00,False,2003,5,149,10.0,1.0,False,0.0,0.42,1.67,4.53,1.0,0.973,ok,1.96,2.57,,,,,1410.0,127.0,11.102,0.0,75.0,0.0,20.0,0.0,72.0,15.0
C99,2003-06-09T10:22:00-04:00,False,2003,6,160,10.0,1.0,False,0.52,1.78,1.78,2.0,1.0,0.973,ok,1.73,0.23,,,,,264.0,148.0,1.784,0.0,79.0,0.4,10.0,0.0,75.0,10.0
C99,2003-06-23T11:17:00-04:00,False,2003,6,174,20.0,1.3010299956639813,False,0.0,0.0,0.11,3.29,1.0,0.973,ok,0.11,3.33,,,,,386.0,146.0,2.644,0.0,78.0,0.0,10.0,0.0,79.0,14.0
C99,2003-07-15T11:49:00-04:00,False,2003,7,196,9.0,0.9542425094393249,False,0.12,0.82,0.88,2.08,0.994,0.973,ok,0.9,1.18,,,,,983.0,173.0,5.682,0.0,83.0,0.0,20.0,0.0,78.0,22.0
C99,2003-07-29T11:50:00-04:00,False,2003,7,210,9.0,0.9542425094393249,False,0.0,0.0,0.03,1.65,0.976,0.973,ok,0.03,1.62,,,,,794.0,169.0,4.698,0.0,82.0,0.0,9.0,0.0,83.0,14.0
C99,2003-08-13T10:03:00-04:00,False,2003,8,225,10.0,1.0,False,0.3,0.34,0.43,2.35,1.0,0.973,ok,1.06,1.33,,,,,374.0,304.0,1.23,0.0,81.0,0.0,9.0,0.0,82.0,14.0
C99,2003-08-28T10:50:00-04:00,False,2003,8,240,9.0,0.9542425094393249,False,0.0,0.0,0.01,0.02,1.0,0.973,ok,0.01,0.02,,,,,138.0,267.0,0.517,0.0,85.0,0.0,10.0,0.0,81.0,15.0
C99,2003-09-11T10:00:00-04:00,False,2003,9,254,20.0,1.3010299956639813,False,0.0,0.02,0.04,0.45,0.994,0.973,ok,0.04,0.41,,,,,41.4,210.0,0.197,6.0,80.0,0.0,9.0,0.0,85.0,13.0
C99,2003-10-02T12:47:00-04:00,False,2003,10,275,10.0,1.0,False,0.0,0.0,0.0,1.23,0.869,0.973,ok,0.01,1.22,,,,,102.0,247.0,0.413,2.0,70.0,0.0,20.0,6.0,80.0,21.0
C99,2003-10-24T13:00:00-04:00,False,2003,10,297,10.0,1.0,False,0.0,0.0,0.0,0.05,1.0,0.973,ok,0.01,0.05,,,,,101.0,77.0,1.312,1.0,64.0,0.0,10.0,2.0,70.0,22.0
C99,2003-11-17T11:17:00-05:00,False,2003,11,321,9.0,0.9542425094393249,False,0.0,0.0,0.0,0.01,1.0,0.973,ok,0.0,0.01,,,,,139.0,127.0,1.094,0.0,60.0,0.0,10.0,1.0,64.0,23.0
C99,2003-12-16T10:15:00-05:00,False,2003,12,350,111.0,2.0453229787866576,True,0.0,0.15,1.68,4.18,1.0,0.973,ok,1.68,2.5,,,,,1090.0,251.0,4.343,0.0,53.0,0.0,9.0,0.0,60.0,28.0
C99,2004-01-13T11:05:00-05:00,False,2004,1,13,20.0,1.3010299956639813,False,0.0,0.0,0.0,0.16,0.994,0.985,ok,0.0,0.25,,,,,99.8,391.0,0.255,2.0,45.0,0.0,111.0,0.0,53.0,28.0
C99,2004-02-23T11:55:00-05:00,False,2004,2,54,9.0,0.9542425094393249,False,0.0,0.0,0.0,0.5,0.994,0.985,ok,0.0,0.86,,,,,407.0,402.0,1.012,1.0,50.0,0.0,20.0,2.0,45.0,41.0
C99,2004-03-16T11:45:00-05:00,False,2004,3,76,9.0,0.9542425094393249,False,1.19,1.19,1.19,1.35,0.994,0.985,ok,0.06,0.16,,,,,76.5,358.0,0.214,0.0,51.0,1.0,9.0,1.0,50.0,21.0
C99,2004-04-07T12:00:00-04:00,False,2004,4,98,9.0,0.9542425094393249,False,0.0,0.0,0.0,0.05,0.988,0.985,ok,0.0,0.54,,,,,53.1,295.0,0.18,0.0,55.0,0.0,9.0,0.0,51.0,21.0
C99,2004-04-22T12:53:00-04:00,False,2004,4,113,10.0,1.0,False,0.0,0.0,0.0,0.0,1.0,0.985,ok,0.0,0.0,,,,,122.0,218.0,0.56,0.0,64.0,0.0,9.0,0.0,55.0,15.0
C99,2004-05-06T11:21:00-04:00,False,2004,5,127,10.0,1.0,False,0.0,0.0,0.27,3.04,0.994,0.985,ok,1.22,1.82,,,,,1420.0,201.0,7.065,0.0,70.0,0.0,10.0,0.0,64.0,13.0
C99,2004-05-21T09:47:00-04:00,False,2004,5,142,9.0,0.9542425094393249,False,0.03,0.05,0.05,0.06,1.0,0.985,ok,0.05,0.01,,,,,38.3,154.0,0.249,0.0,78.0,1.0,10.0,0.0,70.0,14.0
C99,2004-06-07T11:30:00-04:00,False,2004,6,159,9.0,0.9542425094393249,False,0.2,0.2,0.66,0.66,0.982,0.985,ok,0.66,0.01,,,,,56.1,158.0,0.355,6.0,80.0,0.0,9.0,0.0,78.0,17.0
C99,2004-06-23T12:18:00-04:00,False,2004,6,175,9.0,0.9542425094393249,False,0.01,0.04,0.04,0.19,0.887,0.985,ok,0.18,0.0,,,,,233.0,146.0,1.596,4.0,79.0,0.0,9.0,6.0,80.0,16.0
C99,2004-07-07T10:55:00-04:00,False,2004,7,189,9.0,0.9542425094393249,False,0.0,0.0,0.11,0.2,0.994,0.985,ok,0.11,0.09,,,,,436.0,348.0,1.253,4.0,84.0,0.0,9.0,4.0,79.0,13.0
C99,2004-07-19T11:40:00-04:00,False,2004,7,201,9.0,0.9542425094393249,False,0.11,0.58,0.58,0.62,0.988,0.985,ok,0.58,0.05,,,,,31.5,172.0,0.183,8.0,83.0,0.5,9.0,4.0,84.0,12.0
C99,2004-08-04T12:23:00-04:00,False,2004,8,217,42.0,1.6232492903979006,False,0.01,1.39,1.61,1.85,0.988,0.985,ok,1.6,0.43,,,,,182.0,220.0,0.827,8.0,84.0,5.0,9.0,8.0,83.0,16.0
C99,2004-08-18T11:11:00-04:00,False,2004,8,231,9.0,0.9542425094393249,False,0.01,0.02,1.19,4.76,1.0,0.985,ok,1.19,3.56,,,,,3160.0,258.0,12.248,2.0,83.0,0.0,42.0,8.0,84.0,13.0
C99,2004-09-15T12:12:00-04:00,False,2004,9,259,53.0,1.7242758696007892,False,0.06,0.06,0.06,1.43,1.0,0.985,ok,0.06,1.39,,,,,173.0,231.0,0.749,2.0,81.0,0.5,9.0,2.0,83.0,28.0
C99,2004-09-27T11:06:00-04:00,False,2004,9,271,9.0,0.9542425094393249,False,0.42,0.42,0.42,0.43,1.0,0.985,ok,0.02,0.01,,,,,64.7,132.0,0.49,0.0,73.0,1.0,53.0,2.0,81.0,11.0
C99,2004-10-04T11:47:00-04:00,False,2004,10,278,10.0,1.0,False,0.0,0.01,0.14,0.46,0.94,0.985,ok,0.17,0.69,,,,,95.1,250.0,0.38,0.0,79.0,0.0,9.0,0.0,73.0,7.0
C99,2004-10-20T09:47:00-04:00,False,2004,10,294,10.0,1.0,False,0.05,0.24,0.24,1.14,0.988,0.985,ok,0.25,0.89,,,,,126.0,89.0,1.416,0.0,76.0,0.4,10.0,0.0,79.0,15.0
C99,2004-10-26T11:17:00-04:00,False,2004,10,300,10.0,1.0,False,0.0,0.02,0.03,0.11,0.982,0.985,ok,0.03,0.27,,,,,49.7,70.0,0.71,5.0,63.0,0.0,10.0,0.0,76.0,6.0
C99,2004-11-15T10:14:00-05:00,False,2004,11,320,10.0,1.0,False,0.0,0.0,1.14,1.14,1.0,0.985,ok,1.14,0.0,,,,,251.0,143.0,1.755,2.0,60.0,0.0,10.0,5.0,63.0,19.0
C99,2004-12-16T11:35:00-05:00,False,2004,12,351,10.0,1.0,False,0.0,0.0,0.0,0.86,1.0,0.985,ok,0.0,0.93,,,,,172.0,251.0,0.685,3.0,46.0,0.0,10.0,2.0,60.0,31.0
C99,2005-01-11T10:42:00-05:00,False,2005,1,11,9.0,0.9542425094393249,False,0.0,0.0,0.0,0.0,1.0,0.931,ok,0.0,0.0,,,,,71.3,371.0,0.192,2.0,55.0,0.0,10.0,3.0,46.0,25.0
C99,2005-02-17T11:20:00-05:00,False,2005,2,48,9.0,0.9542425094393249,False,0.2,0.2,0.47,0.48,1.0,0.931,ok,0.45,0.07,,,,,75.2,498.0,0.151,8.0,50.0,0.0,9.0,2.0,55.0,37.0
C99,2005-02-28T11:24:00-05:00,False,2005,2,59,9.0,0.9542425094393249,False,0.82,0.82,0.82,1.91,0.994,0.931,ok,0.29,1.11,,,,,159.0,423.0,0.376,2.0,61.0,0.0,9.0,8.0,50.0,11.0
C99,2005-03-21T10:59:00-05:00,False,2005,3,80,9.0,0.9542425094393249,False,0.0,0.35,0.35,1.37,1.0,0.931,ok,0.35,1.02,,,,,184.0,452.0,0.407,2.0,53.0,0.0,9.0,2.0,61.0,20.0
C99,2005-04-14T10:45:00-04:00,False,2005,4,104,20.0,1.3010299956639813,False,0.1,0.25,0.25,0.93,1.0,0.931,ok,0.25,0.68,,,,,190.0,339.0,0.56,0.0,55.0,0.0,9.0,2.0,53.0,23.0
C99,2005-05-11T10:41:00-04:00,False,2005,5,131,9.0,0.9542425094393249,False,0.0,0.0,0.0,3.58,1.0,0.931,ok,0.0,3.58,,,,,581.0,156.0,3.724,2.0,62.0,0.0,20.0,0.0,55.0,26.0
C99,2005-05-26T11:06:00-04:00,False,2005,5,146,10.0,1.0,False,0.0,0.12,0.12,1.02,0.994,0.931,ok,0.21,0.81,,,,,102.0,152.0,0.671,2.0,69.0,0.0,9.0,2.0,62.0,15.0
C99,2005-06-15T10:31:00-04:00,False,2005,6,166,9.0,0.9542425094393249,False,0.0,0.02,0.02,0.73,1.0,0.931,ok,0.02,0.71,,,,,105.0,141.0,0.745,2.0,81.0,0.0,10.0,2.0,69.0,19.0
C99,2005-06-27T11:12:00-04:00,False,2005,6,178,9.0,0.9542425094393249,False,0.21,0.29,0.29,0.29,0.988,0.931,ok,0.27,0.0,,,,,15.1,166.0,0.091,4.0,83.0,0.25,9.0,2.0,81.0,12.0
C99,2005-07-12T12:04:00-04:00,False,2005,7,193,9.0,0.9542425094393249,False,0.03,0.04,0.04,0.04,1.0,0.931,ok,0.04,0.0,,,,,74.0,169.0,0.438,2.0,84.0,0.0,9.0,4.0,83.0,15.0
C99,2005-07-27T10:54:00-04:00,False,2005,7,208,9.0,0.9542425094393249,False,0.0,0.0,0.0,0.0,0.482,0.931,ok,0.0,0.0,,,,,60.5,150.0,0.403,5.0,89.0,0.0,9.0,2.0,84.0,14.0
C99,2005-08-11T11:25:00-04:00,False,2005,8,223,9.0,0.9542425094393249,False,0.0,0.05,0.06,0.08,0.982,0.931,ok,0.06,0.02,,,,,27.4,203.0,0.135,4.0,85.0,0.0,9.0,5.0,89.0,15.0
C99,2005-08-24T09:35:00-04:00,False,2005,8,236,9.0,0.9542425094393249,False,0.43,0.43,0.45,0.45,0.994,0.931,ok,0.45,0.11,,,,,12.6,250.0,0.05,6.0,83.0,1.0,9.0,4.0,85.0,12.0
C99,2005-09-23T10:13:00-04:00,False,2005,9,266,9.0,0.9542425094393249,False,0.0,0.0,0.0,0.13,0.964,0.931,ok,0.01,0.12,,,,,116.0,144.0,0.806,5.0,83.0,0.0,9.0,6.0,83.0,30.0
C99,2005-10-20T10:25:00-04:00,False,2005,10,293,9.0,0.9542425094393249,False,0.0,0.0,0.0,0.0,1.0,0.931,ok,0.0,0.0,,,,,178.0,89.0,2.0,3.0,68.0,0.0,9.0,5.0,83.0,27.0
C99,2005-11-03T11:43:00-05:00,False,2005,11,307,9.0,0.9542425094393249,False,0.0,0.0,0.0,0.32,0.988,0.931,ok,0.0,0.32,,,,,158.0,100.0,1.58,7.0,63.0,0.0,9.0,3.0,68.0,14.0
C99,2005-12-21T09:20:00-05:00,False,2005,12,355,53.0,1.7242758696007892,False,0.0,0.0,0.06,2.01,1.0,0.931,ok,0.79,1.22,,,,,503.0,253.0,1.988,5.0,48.0,0.0,9.0,7.0,63.0,47.0
C99,2006-01-24T09:34:00-05:00,False,2006,1,24,75.0,1.8750612633917,False,0.54,0.63,1.02,1.1,1.0,0.949,ok,0.86,0.11,,,,,210.0,367.0,0.572,5.0,48.0,1.25,53.0,5.0,48.0,34.0
C99,2006-02-21T09:36:00-05:00,False,2006,2,52,9.0,0.9542425094393249,False,0.03,0.09,0.11,0.11,0.982,0.949,ok,0.08,0.0,,,,,83.6,480.0,0.174,4.0,49.0,0.5,75.0,5.0,48.0,28.0
C99,2006-03-17T11:57:00-05:00,False,2006,3,76,9.0,0.9542425094393249,False,0.0,0.0,0.33,0.44,0.976,0.949,ok,0.44,0.0,,,,,46.5,375.0,0.124,8.0,55.0,0.0,9.0,4.0,49.0,24.0
C99,2006-04-11T11:17:00-04:00,False,2006,4,101,9.0,0.9542425094393249,False,0.0,0.0,1.06,1.06,0.988,0.949,ok,1.06,0.0,,,,,70.0,352.0,0.199,4.0,63.0,0.0,9.0,8.0,55.0,24.0
C99,2006-04-30T10:20:00-04:00,False,2006,4,120,64.0,1.806179973983887,False,0.0,0.0,0.65,1.33,0.97,0.949,ok,0.91,0.68,,,,,81.9,183.0,0.448,6.0,65.0,0.9,9.0,4.0,63.0,18.0
C99,2006-05-10T09:10:00-04:00,False,2006,5,130,9.0,0.9542425094393249,False,0.0,0.0,1.1,1.21,0.976,0.949,ok,1.1,0.11,,,,,125.0,158.0,0.791,8.0,64.0,0.0,64.0,6.0,65.0,9.0
C99,2006-05-24T09:11:00-04:00,False,2006,5,144,10.0,1.0,False,0.0,0.0,0.0,0.52,0.964,0.949,ok,0.03,0.49,,,,,73.5,184.0,0.399,6.0,70.0,0.0,9.0,8.0,64.0,14.0
C99,2006-06-13T10:36:00-04:00,False,2006,6,164,10.0,1.0,False,1.44,2.0,2.0,2.2,0.982,0.949,ok,2.0,0.2,,,,,46.5,164.0,0.284,6.0,76.0,0.0,10.0,6.0,70.0,20.0
C99,2006-07-12T09:38:00-04:00,False,2006,7,193,10.0,1.0,False,0.01,0.01,0.01,1.15,0.988,0.949,ok,0.0,1.14,,,,,411.0,169.0,2.432,5.0,83.0,0.0,10.0,6.0,76.0,28.0
C99,2006-07-27T10:37:00-04:00,False,2006,7,208,9.0,0.9542425094393249,False,0.0,3.4,3.42,3.95,0.958,0.949,ok,3.42,0.59,,,,,122.0,150.0,0.813,6.0,81.0,0.0,10.0,5.0,83.0,15.0
C99,2006-08-16T09:26:00-04:00,False,2006,8,228,9.0,0.9542425094393249,False,0.0,0.0,0.0,0.5,0.994,0.949,ok,0.0,0.51,,,,,64.5,259.0,0.249,8.0,83.0,0.0,9.0,6.0,81.0,19.0
C99,2006-08-30T10:00:00-04:00,False,2006,8,242,9.0,0.9542425094393249,False,0.0,0.0,0.04,0.07,0.994,0.949,ok,0.05,0.27,,,,,121.0,166.0,0.729,6.0,81.0,0.0,9.0,8.0,83.0,14.0
C99,2006-09-14T10:42:00-04:00,False,2006,9,257,53.0,1.7242758696007892,False,0.28,0.28,0.28,0.31,0.994,0.949,ok,0.12,0.02,,,,,452.0,257.0,1.759,1.0,80.0,0.4,9.0,6.0,81.0,15.0
C99,2006-09-26T10:10:00-04:00,False,2006,9,269,10.0,1.0,False,0.01,0.02,0.02,1.64,1.0,0.949,ok,0.02,1.63,,,,,620.0,144.0,4.306,5.0,74.0,0.0,53.0,1.0,80.0,11.0
C99,2006-10-10T11:25:00-04:00,False,2006,10,283,10.0,1.0,False,0.04,0.56,1.08,1.3,1.0,0.949,ok,1.08,0.22,,,,,78.3,135.0,0.58,10.0,73.0,1.0,10.0,5.0,74.0,14.0
C99,2006-10-24T10:21:00-04:00,False,2006,10,297,9.0,0.9542425094393249,False,0.0,0.19,0.19,0.74,1.0,0.949,ok,0.19,0.55,,,,,78.0,77.0,1.013,8.0,66.0,0.0,10.0,10.0,73.0,13.0
C99,2006-11-20T12:20:00-05:00,False,2006,11,324,164.0,2.214843848047698,True,0.0,0.0,0.0,0.74,0.952,0.949,ok,0.0,0.74,,,,,505.0,130.0,3.885,2.0,53.0,0.0,9.0,8.0,66.0,27.0
C99,2006-12-18T09:56:00-05:00,False,2006,12,352,9.0,0.9542425094393249,False,0.0,0.0,0.0,0.03,0.964,0.949,ok,0.0,0.03,,,,,112.0,300.0,0.373,3.0,49.0,0.0,164.0,2.0,53.0,27.0
C99,2007-01-17T10:11:00-05:00,False,2007,1,17,10.0,1.0,False,0.12,0.14,0.15,0.15,1.0,0.983,ok,0.15,0.0,,,,,204.0,405.0,0.504,2.0,49.0,0.0,9.0,3.0,49.0,30.0
C99,2007-02-12T09:37:00-05:00,False,2007,2,43,9.0,0.9542425094393249,False,0.0,0.0,0.0,0.0,0.994,0.983,ok,0.0,0.0,,,,,189.0,454.0,0.416,2.0,39.0,0.0,10.0,2.0,49.0,25.0
C99,2007-03-12T09:52:00-04:00,False,2007,3,71,9.0,0.9542425094393249,False,0.0,0.0,0.0,0.0,0.994,0.983,ok,0.0,0.0,,,,,129.0,397.0,0.325,2.0,51.0,0.0,9.0,2.0,39.0,27.0
C99,2007-04-04T09:34:00-04:00,False,2007,4,94,9.0,0.9542425094393249,False,0.22,0.22,0.29,0.31,0.994,0.983,ok,0.07,0.02,,,,,41.5,395.0,0.105,2.0,64.0,0.3,9.0,2.0,51.0,22.0
C99,2007-04-19T09:43:00-04:00,False,2007,4,109,31.0,1.4913616938342726,False,0.0,0.0,0.0,3.54,0.994,0.983,ok,0.02,3.61,,,,,584.0,282.0,2.071,2.0,54.0,0.0,9.0,2.0,64.0,15.0
C99,2007-05-02T09:26:00-04:00,False,2007,5,122,9.0,0.9542425094393249,False,0.0,0.0,0.0,0.0,0.994,0.983,ok,0.0,0.0,,,,,37.5,174.0,0.216,2.0,67.0,0.0,31.0,2.0,54.0,12.0
C99,2007-05-16T09:45:00-04:00,False,2007,5,136,9.0,0.9542425094393249,False,0.0,0.0,0.0,0.31,0.982,0.983,ok,0.0,0.45,,,,,119.0,96.0,1.24,5.0,67.0,0.0,9.0,2.0,67.0,14.0
C99,2007-06-07T10:17:00-04:00,False,2007,6,158,9.0,0.9542425094393249,False,0.0,0.0,0.0,2.47,1.0,0.983,ok,0.0,2.47,,,,,39.9,158.0,0.253,4.0,76.0,0.0,9.0,5.0,67.0,22.0
C99,2007-06-18T09:40:00-04:00,False,2007,6,169,9.0,0.9542425094393249,False,0.0,0.44,0.44,0.73,1.0,0.983,ok,0.44,0.29,,,,,11.0,149.0,0.074,6.0,79.0,0.0,9.0,4.0,76.0,10.0
C99,2007-07-05T11:21:00-04:00,False,2007,7,186,9.0,0.9542425094393249,False,0.0,0.0,0.0,0.55,1.0,0.983,ok,0.0,0.55,,,,,4.68,319.0,0.015,6.0,80.0,0.0,9.0,6.0,79.0,17.0
C99,2007-07-19T10:37:00-04:00,False,2007,7,200,9.0,0.9542425094393249,False,0.0,0.35,0.36,1.35,1.0,0.983,ok,0.36,0.99,,,,,5.8,172.0,0.034,5.0,83.0,1.5,9.0,6.0,80.0,13.0
C99,2007-08-02T09:35:00-04:00,False,2007,8,214,10.0,1.0,False,0.0,0.02,0.35,1.65,1.0,0.983,ok,0.35,1.3,,,,,7.86,223.0,0.035,8.0,80.0,0.0,9.0,5.0,83.0,13.0
C99,2007-08-16T10:22:00-04:00,False,2007,8,228,20.0,1.3010299956639813,False,0.0,0.0,0.0,0.07,0.619,0.983,ok,0.0,0.07,,,,,5.0,259.0,0.019,10.0,80.0,0.0,10.0,8.0,80.0,14.0
C99,2007-09-04T11:00:00-04:00,False,2007,9,247,9.0,0.9542425094393249,False,0.0,0.0,0.0,0.0,0.815,0.983,ok,0.0,0.0,,,,,1.63,190.0,0.009,15.0,78.0,0.0,20.0,10.0,80.0,19.0
C99,2007-09-21T10:59:00-04:00,False,2007,9,264,9.0,0.9542425094393249,False,0.49,0.59,0.59,1.08,0.994,0.983,ok,0.51,0.49,,,,,2.32,165.0,0.014,14.0,75.0,1.5,9.0,15.0,78.0,16.0
C99,2007-10-08T09:47:00-04:00,False,2007,10,281,9.0,0.9542425094393249,False,0.0,0.08,0.15,0.15,1.0,0.983,ok,0.15,0.0,,,,,0.78,172.0,0.005,12.0,74.0,0.0,9.0,14.0,75.0,16.0
C99,2007-10-17T09:36:00-04:00,False,2007,10,290,10.0,1.0,False,0.0,0.01,0.01,0.02,0.964,0.983,ok,0.01,0.01,,,,,0.65,121.0,0.005,15.0,70.0,0.0,9.0,12.0,74.0,8.0
C99,2007-11-20T09:38:00-05:00,False,2007,11,324,42.0,1.6232492903979006,False,0.0,0.0,0.0,0.35,0.988,0.983,ok,0.0,0.35,,,,,4.5,130.0,0.035,15.0,51.0,0.0,10.0,15.0,70.0,34.0
C99,2007-12-17T10:20:00-05:00,False,2007,12,351,9.0,0.9542425094393249,False,0.12,1.49,1.49,1.5,1.0,0.983,ok,1.49,0.01,,,,,2.27,242.0,0.009,15.0,47.0,0.0,42.0,15.0,51.0,27.0
C99,2008-01-09T10:18:00-05:00,False,2008,1,9,9.0,0.9542425094393249,False,0.0,0.0,0.0,0.0,0.994,0.968,ok,0.0,0.0,,,,,26.1,407.0,0.064,5.0,49.0,0.0,9.0,15.0,47.0,22.0
C99,2008-02-25T10:38:00-05:00,False,2008,2,56,10.0,1.0,False,0.01,0.01,0.1,1.16,1.0,0.968,ok,0.94,0.42,,,,,397.0,444.0,0.894,4.0,50.0,0.4,9.0,5.0,49.0,47.0
C99,2008-03-10T10:17:00-04:00,False,2008,3,70,31.0,1.4913616938342726,False,0.0,0.0,0.64,1.94,0.982,0.968,mismatch,0.64,1.3,,,,,253.0,474.0,0.534,2.0,52.0,0.0,10.0,4.0,50.0,13.0
C99,2008-04-10T10:04:00-04:00,False,2008,4,101,10.0,1.0,False,0.0,0.0,0.0,1.98,0.97,0.968,ok,0.0,1.98,,,,,922.0,284.0,3.246,8.0,52.0,0.0,31.0,2.0,52.0,30.0
C99,2008-04-25T10:43:00-04:00,False,2008,4,116,10.0,1.0,False,0.0,0.03,0.16,1.73,0.988,0.968,ok,0.86,0.87,,,,,61.6,183.0,0.337,5.0,64.0,0.0,10.0,8.0,52.0,15.0
C99,2008-05-15T10:02:00-04:00,False,2008,5,136,10.0,1.0,False,0.0,0.0,0.0,0.83,1.0,0.968,ok,0.0,0.83,,,,,53.5,120.0,0.446,5.0,61.0,0.0,10.0,5.0,64.0,19.0
C99,2008-05-29T10:08:00-04:00,False,2008,5,150,10.0,1.0,False,0.47,0.47,0.47,0.57,1.0,0.968,ok,0.47,0.1,,,,,11.9,127.0,0.094,6.0,65.0,0.4,10.0,5.0,61.0,14.0
C99,2008-06-10T09:30:00-04:00,False,2008,6,162,9.0,0.9542425094393249,False,0.0,0.0,0.0,0.0,1.0,0.968,ok,0.0,0.0,,,,,5.45,162.0,0.034,8.0,82.0,0.0,10.0,6.0,65.0,11.0
C99,2008-06-19T09:52:00-04:00,False,2008,6,171,9.0,0.9542425094393249,False,0.0,0.0,0.0,0.0,1.0,0.968,ok,0.0,0.0,,,,,1.63,177.0,0.009,12.0,78.0,0.0,9.0,8.0,82.0,9.0
C99,2008-07-10T10:23:00-04:00,False,2008,7,192,9.0,0.9542425094393249,False,0.01,0.41,0.41,2.52,1.0,0.968,ok,0.43,2.09,,,,,1.16,149.0,0.008,14.0,80.0,0.0,9.0,12.0,78.0,21.0
C99,2008-07-22T10:34:00-04:00,False,2008,7,204,9.0,0.9542425094393249,False,0.0,0.03,0.82,0.85,0.994,0.968,ok,0.82,0.03,,,,,0.81,120.0,0.007,10.0,83.0,0.0,9.0,14.0,80.0,12.0
C99,2008-08-07T09:52:00-04:00,False,2008,8,220,9.0,0.9542425094393249,False,0.0,0.0,0.0,0.85,1.0,0.968,ok,0.0,0.85,,,,,0.97,251.0,0.004,15.0,85.0,0.0,9.0,10.0,83.0,15.0
C99,2008-08-18T11:05:00-04:00,False,2008,8,231,9.0,0.9542425094393249,False,0.0,0.0,0.0,0.98,1.0,0.968,ok,0.0,1.16,,,,,24.9,258.0,0.097,16.0,79.0,0.0,9.0,15.0,85.0,11.0
C99,2008-09-03T10:09:00-04:00,False,2008,9,247,9.0,0.9542425094393249,False,0.0,0.0,0.02,1.5,0.988,0.968,ok,0.02,1.83,,,,,3.55,175.0,0.02,12.0,77.0,0.0,9.0,16.0,79.0,15.0
C99,2008-09-16T10:09:00-04:00,False,2008,9,260,75.0,1.8750612633917,False,0.76,0.76,0.76,1.62,0.988,0.968,ok,0.76,0.86,,,,,11.0,247.0,0.045,12.0,80.0,0.75,9.0,12.0,77.0,13.0
C99,2008-10-07T10:00:00-04:00,False,2008,10,281,9.0,0.9542425094393249,False,0.0,0.0,0.0,0.2,0.988,0.968,ok,0.0,1.19,,,,,22.2,151.0,0.147,13.0,70.0,0.0,75.0,12.0,80.0,20.0
C99,2008-10-21T10:06:00-04:00,False,2008,10,295,9.0,0.9542425094393249,False,0.0,0.0,0.38,0.78,1.0,0.968,ok,0.66,0.12,,,,,9.49,89.0,0.107,15.0,62.0,0.0,9.0,13.0,70.0,14.0
C99,2008-11-05T10:04:00-05:00,False,2008,11,310,10.0,1.0,False,0.18,1.25,1.25,1.25,1.0,0.968,ok,1.2,0.0,,,,,6.76,98.0,0.069,16.0,60.0,0.5,9.0,15.0,62.0,15.0
C99,2008-12-02T09:50:00-05:00,False,2008,12,337,9.0,0.9542425094393249,False,0.0,0.21,0.7,0.7,0.982,0.968,ok,0.7,0.04,,,,,25.0,166.0,0.151,13.0,47.0,0.0,10.0,16.0,60.0,26.0
C99,2009-01-12T10:05:00-05:00,False,2009,1,12,9.0,0.9542425094393249,False,0.0,0.04,0.04,0.37,1.0,0.97,ok,0.04,0.33,,,,,66.2,386.0,0.172,8.0,48.0,0.0,9.0,13.0,47.0,41.0
C99,2009-02-17T10:14:00-05:00,False,2009,2,48,9.0,0.9542425094393249,False,0.0,0.0,0.04,0.04,0.994,0.97,ok,0.04,0.0,,,,,22.8,498.0,0.046,15.0,45.0,0.0,9.0,8.0,48.0,36.0
C99,2009-03-23T09:52:00-04:00,False,2009,3,82,9.0,0.9542425094393249,False,0.0,0.0,0.0,0.44,1.0,0.97,ok,0.02,0.51,,,,,113.0,435.0,0.26,4.0,50.0,0.0,9.0,15.0,45.0,33.0
C99,2009-03-31T10:16:00-04:00,False,2009,3,90,10.0,1.0,False,0.0,0.0,0.67,1.18,0.994,0.97,ok,0.93,0.25,,,,,128.0,394.0,0.325,2.0,52.0,0.0,9.0,4.0,50.0,8.0
C99,2009-04-15T10:20:00-04:00,False,2009,4,105,9.0,0.9542425094393249,False,1.85,1.95,1.95,2.27,1.0,0.97,ok,1.95,0.32,,,,,42.5,322.0,0.132,2.0,54.0,1.45,10.0,2.0,52.0,15.0
C99,2009-05-05T09:53:00-04:00,False,2009,5,125,10.0,1.0,False,0.21,0.21,0.56,0.57,1.0,0.97,ok,0.54,0.01,,,,,6.38,197.0,0.032,8.0,71.0,0.0,9.0,2.0,54.0,19.0
C99,2009-05-21T11:38:00-04:00,False,2009,5,141,10.0,1.0,False,0.0,0.0,0.0,3.24,1.0,0.97,ok,0.29,2.95,,,,,386.0,154.0,2.506,6.0,63.0,0.0,10.0,8.0,71.0,16.0
C99,2009-06-09T11:12:00-04:00,False,2009,6,160,9.0,0.9542425094393249,False,0.01,0.01,0.05,0.3,0.994,0.97,ok,0.04,0.26,,,,,25.0,148.0,0.169,5.0,78.0,0.0,10.0,6.0,63.0,18.0
C99,2009-06-23T09:45:00-04:00,False,2009,6,174,10.0,1.0,False,0.12,0.12,0.12,0.84,1.0,0.97,ok,0.11,0.85,,,,,14.8,146.0,0.101,11.0,77.0,0.0,9.0,5.0,78.0,13.0
C99,2009-07-08T09:35:00-04:00,False,2009,7,189,9.0,0.9542425094393249,False,0.0,0.03,0.24,0.24,1.0,0.97,ok,0.24,0.0,,,,,2.71,264.0,0.01,12.0,79.0,0.0,10.0,11.0,77.0,14.0
C99,2009-07-22T10:51:00-04:00,False,2009,7,203,9.0,0.9542425094393249,False,0.0,0.02,0.03,1.54,1.0,0.97,ok,0.03,1.51,,,,,9.85,120.0,0.082,15.0,80.0,0.0,9.0,12.0,79.0,14.0
C99,2009-08-05T10:44:00-04:00,False,2009,8,217,9.0,0.9542425094393249,False,0.0,0.05,1.21,2.12,1.0,0.97,ok,1.21,0.91,,,,,41.4,256.0,0.162,8.0,82.0,0.0,9.0,15.0,80.0,13.0
C99,2009-08-20T10:04:00-04:00,False,2009,8,232,9.0,0.9542425094393249,False,0.01,0.01,0.01,1.1,0.994,0.97,ok,0.0,1.09,,,,,31.6,241.0,0.131,12.0,82.0,0.0,9.0,8.0,82.0,14.0
C99,2009-09-01T09:42:00-04:00,False,2009,9,244,9.0,0.9542425094393249,False,0.12,0.37,0.37,0.78,1.0,0.97,ok,0.44,0.34,,,,,58.0,200.0,0.29,13.0,77.0,0.0,9.0,12.0,82.0,11.0
C99,2009-09-15T09:40:00-04:00,False,2009,9,258,9.0,0.9542425094393249,False,0.01,0.01,0.03,0.03,1.0,0.97,ok,0.02,0.01,,,,,18.8,231.0,0.081,15.0,75.0,0.0,9.0,13.0,77.0,13.0
C99,2009-10-12T09:45:00-04:00,False,2009,10,285,10.0,1.0,False,0.0,0.04,0.04,0.39,1.0,0.97,ok,0.04,0.38,,,,,16.2,124.0,0.131,15.0,67.0,0.0,9.0,15.0,75.0,27.0
C99,2009-10-21T09:48:00-04:00,False,2009,10,294,9.0,0.9542425094393249,False,0.0,0.0,0.0,0.64,1.0,0.97,ok,0.0,0.64,,,,,16.7,89.0,0.188,12.0,57.0,0.0,10.0,15.0,67.0,9.0
C99,2009-11-03T09:57:00-05:00,False,2009,11,307,10.0,1.0,False,0.01,0.28,0.28,0.33,0.994,0.97,ok,0.28,0.06,,,,,11.0,100.0,0.11,15.0,61.0,0.0,9.0,12.0,57.0,13.0
C99,2009-12-14T11:08:00-05:00,False,2009,12,348,99.0,1.99563519459755,False,0.13,0.14,0.14,0.94,0.976,0.97,ok,0.14,0.8,,,,,822.0,231.0,3.558,2.0,50.0,0.3,10.0,15.0,61.0,41.0
C99,2010-01-11T10:59:00-05:00,False,2010,1,11,9.0,0.9542425094393249,False,0.0,0.0,0.0,0.03,1.0,1.002,ok,0.03,0.0,,,,,215.0,371.0,0.58,4.0,32.0,0.0,99.0,2.0,50.0,27.0
C99,2010-02-03T09:25:00-05:00,False,2010,2,34,20.0,1.3010299956639813,False,0.33,0.33,0.33,1.18,1.0,1.002,ok,0.31,0.85,,,,,545.0,412.0,1.323,2.0,39.0,0.5,9.0,4.0,32.0,22.0
C99,2010-03-08T09:20:00-05:00,False,2010,3,67,10.0,1.0,False,0.0,0.0,0.0,1.33,1.0,1.002,ok,0.0,1.33,,,,,555.0,615.0,0.902,1.0,43.0,0.0,20.0,2.0,39.0,32.0
C99,2010-04-07T10:13:00-04:00,False,2010,4,97,9.0,0.9542425094393249,False,0.0,0.01,0.01,0.02,1.0,1.002,ok,0.02,0.0,,,,,76.9,295.0,0.261,1.0,63.0,0.0,10.0,1.0,43.0,29.0
C99,2010-04-21T10:34:00-04:00,False,2010,4,111,9.0,0.9542425094393249,False,0.0,0.0,0.0,0.0,0.994,1.002,ok,0.0,0.0,,,,,17.6,259.0,0.068,2.0,63.0,0.0,9.0,1.0,63.0,14.0
C99,2010-05-06T09:22:00-04:00,False,2010,5,126,9.0,0.9542425094393249,False,0.0,0.01,0.06,0.06,1.0,1.002,ok,0.06,0.0,,,,,9.34,201.0,0.046,2.0,72.0,0.0,9.0,2.0,63.0,14.0
C99,2010-05-19T10:20:00-04:00,False,2010,5,139,53.0,1.7242758696007892,False,0.1,0.66,1.02,1.02,0.994,1.002,ok,0.92,0.0,,,,,6.55,119.0,0.055,6.0,69.0,0.0,9.0,2.0,72.0,13.0
C99,2010-06-03T09:49:00-04:00,False,2010,6,154,9.0,0.9542425094393249,False,2.18,2.2,2.2,2.2,1.0,1.002,ok,2.2,0.0,,,,,6.65,154.0,0.043,2.0,76.0,0.0,53.0,6.0,69.0,14.0
C99,2010-06-15T10:20:00-04:00,False,2010,6,166,10.0,1.0,False,0.0,0.06,0.06,0.06,1.0,1.002,ok,0.06,0.0,,,,,3.94,141.0,0.028,4.0,82.0,0.0,9.0,2.0,76.0,12.0
C99,2010-07-14T10:03:00-04:00,False,2010,7,195,9.0,0.9542425094393249,False,0.4,0.4,0.4,0.95,1.0,1.002,ok,0.28,0.48,,,,,6.7,178.0,0.038,6.0,82.0,0.4,10.0,4.0,82.0,28.0
C99,2010-07-28T09:40:00-04:00,False,2010,7,209,9.0,0.9542425094393249,False,0.0,0.0,0.0,0.65,1.0,1.002,ok,0.0,0.65,,,,,14.0,166.0,0.084,6.0,82.0,0.0,9.0,6.0,82.0,13.0
C99,2010-08-12T09:54:00-04:00,False,2010,8,224,9.0,0.9542425094393249,False,0.02,0.02,0.02,0.07,1.0,1.002,ok,0.0,0.63,,,,,4.42,186.0,0.024,10.0,79.0,0.0,9.0,6.0,82.0,15.0
C99,2010-08-25T09:38:00-04:00,False,2010,8,237,10.0,1.0,False,0.79,0.81,1.84,3.65,1.0,1.002,ok,1.78,1.77,,,,,7.8,289.0,0.027,8.0,79.0,2.0,9.0,10.0,79.0,12.0
C99,2010-09-09T09:19:00-04:00,False,2010,9,252,9.0,0.9542425094393249,False,0.0,0.01,0.01,0.66,0.994,1.002,ok,0.02,0.65,,,,,2.5,184.0,0.014,6.0,78.0,0.0,10.0,8.0,79.0,14.0
C99,2010-09-22T09:47:00-04:00,False,2010,9,265,9.0,0.9542425094393249,False,0.0,0.0,0.0,0.0,1.0,1.002,ok,0.0,0.0,,,,,4.2,143.0,0.029,8.0,75.0,0.0,9.0,6.0,78.0,13.0
C99,2010-10-18T10:00:00-04:00,False,2010,10,291,9.0,0.9542425094393249,False,0.0,0.0,0.0,0.14,1.0,1.002,ok,0.0,0.14,,,,,79.1,113.0,0.7,8.0,63.0,0.0,9.0,8.0,75.0,26.0
C99,2010-10-25T10:02:00-04:00,False,2010,10,298,10.0,1.0,False,0.01,0.01,0.01,0.03,1.0,1.002,ok,0.0,0.02,,,,,40.8,72.0,0.567,10.0,65.0,0.0,9.0,8.0,63.0,7.0
C99,2010-11-09T09:51:00-05:00,False,2010,11,313,9.0,0.9542425094393249,False,0.0,0.0,0.0,0.87,1.0,1.002,ok,0.0,0.87,,,,,135.0,151.0,0.894,8.0,54.0,0.0,10.0,10.0,65.0,15.0
C99,2010-12-06T10:00:00-05:00,False,2010,12,340,10.0,1.0,False,0.01,0.27,0.27,1.1,0.994,1.002,ok,0.27,0.83,,,,,48.6,173.0,0.281,8.0,52.0,0.0,9.0,8.0,54.0,27.0
C99,2011-01-05T09:29:00-05:00,False,2011,1,5,9.0,0.9542425094393249,False,0.0,0.0,0.09,0.12,1.0,0.781,ok,0.12,0.0,,,,,102.0,422.0,0.242,5.0,37.0,0.0,10.0,8.0,52.0,29.0
C99,2011-02-24T09:04:00-05:00,False,2011,2,55,10.0,1.0,False,0.0,0.0,0.0,0.0,0.994,0.781,ok,0.0,0.0,,,,,108.0,423.0,0.255,10.0,44.0,0.0,9.0,5.0,37.0,49.0
C99,2011-03-08T10:46:00-05:00,False,2011,3,67,9.0,0.9542425094393249,False,0.0,0.39,0.63,0.63,1.006,0.781,ok,0.63,0.2,,,,,126.0,615.0,0.205,6.0,53.0,0.0,10.0,10.0,44.0,12.0
C99,2011-04-07T09:44:00-04:00,False,2011,4,97,9.0,0.9542425094393249,False,0.0,0.09,0.11,0.2,0.994,0.781,ok,0.11,0.09,,,,,168.0,295.0,0.569,5.0,56.0,0.0,9.0,6.0,53.0,29.0
C99,2011-04-20T09:37:00-04:00,False,2011,4,110,9.0,0.9542425094393249,False,0.0,0.01,0.01,0.27,0.988,0.781,ok,0.01,0.26,,,,,74.4,256.0,0.291,1.0,67.0,0.0,9.0,5.0,56.0,12.0
C99,2011-05-05T09:36:00-04:00,False,2011,5,125,9.0,0.9542425094393249,False,0.0,0.0,0.0,0.0,1.006,0.781,ok,0.0,0.0,,,,,69.9,197.0,0.355,0.0,66.0,0.0,9.0,1.0,67.0,14.0
C99,2011-05-18T10:15:00-04:00,False,2011,5,138,9.0,0.9542425094393249,False,0.0,0.0,0.12,0.15,0.994,0.781,ok,0.12,0.03,,,,,22.7,90.0,0.252,5.0,73.0,0.0,9.0,0.0,66.0,13.0
C99,2011-06-08T09:39:00-04:00,False,2011,6,159,9.0,0.9542425094393249,False,0.0,0.0,0.04,0.04,1.024,0.781,ok,0.04,0.0,,,,,2.75,164.0,0.017,10.0,80.0,0.0,9.0,5.0,73.0,20.0
C99,2011-06-22T10:04:00-04:00,False,2011,6,173,9.0,0.9542425094393249,False,0.0,0.0,0.12,0.47,1.0,0.781,ok,0.12,0.35,,,,,2.74,202.0,0.014,12.0,78.0,0.0,9.0,10.0,80.0,14.0
C99,2011-07-07T09:46:00-04:00,False,2011,7,188,10.0,1.0,False,0.01,0.46,0.46,0.46,0.994,0.781,ok,0.46,0.01,,,,,0.87,348.0,0.003,14.0,82.0,0.0,9.0,12.0,78.0,14.0
C99,2011-07-18T11:01:00-04:00,False,2011,7,199,10.0,1.0,False,0.0,0.0,0.0,0.66,1.0,0.781,ok,0.0,0.66,,,,,0.46,131.0,0.004,12.0,80.0,0.0,10.0,14.0,82.0,11.0
C99,2011-08-03T09:35:00-04:00,False,2011,8,215,9.0,0.9542425094393249,False,0.01,0.21,0.56,0.56,0.97,0.781,ok,0.55,0.0,,,,,5.5,221.0,0.025,15.0,83.0,0.0,10.0,12.0,80.0,15.0
C99,2011-08-17T10:10:00-04:00,False,2011,8,229,9.0,0.9542425094393249,False,0.0,0.0,0.24,0.6,0.994,0.781,ok,0.6,0.0,,,,,1.27,232.0,0.005,18.0,80.0,0.0,9.0,15.0,83.0,14.0
C99,2011-09-08T09:56:00-04:00,False,2011,9,251,42.0,1.6232492903979006,False,0.33,0.88,0.93,0.93,0.988,0.781,ok,0.93,0.0,,,,,327.0,199.0,1.643,2.0,79.0,0.0,9.0,18.0,80.0,21.0
C99,2011-09-21T10:15:00-04:00,False,2011,9,264,10.0,1.0,False,0.16,0.16,0.16,0.26,0.994,0.781,ok,0.15,0.1,,,,,121.0,165.0,0.733,10.0,70.0,0.7,42.0,2.0,79.0,13.0
C99,2011-10-05T09:55:00-04:00,False,2011,10,278,9.0,0.9542425094393249,False,0.0,0.0,0.0,0.22,0.994,0.781,ok,0.0,0.23,,,,,120.0,219.0,0.548,12.0,61.0,0.0,10.0,10.0,70.0,13.0
C99,2011-10-25T09:55:00-04:00,False,2011,10,298,10.0,1.0,False,0.01,0.01,0.02,0.47,0.994,0.781,ok,0.01,0.46,,,,,213.0,72.0,2.958,10.0,68.0,0.0,9.0,12.0,61.0,20.0
C99,2011-11-01T11:05:00-04:00,False,2011,11,305,20.0,1.3010299956639813,False,0.18,0.18,0.19,0.2,0.994,0.781,mismatch,0.2,0.01,,,,,54.1,91.0,0.595,12.0,58.0,0.0,10.0,10.0,68.0,7.0
C99,2011-12-01T10:24:00-05:00,False,2011,12,335,9.0,0.9542425094393249,False,0.0,0.14,0.21,0.21,0.982,0.781,mismatch,0.21,0.0,,,,,60.6,169.0,0.359,12.0,51.0,0.0,20.0,12.0,58.0,30.0
C99,2012-01-05T09:53:00-05:00,False,2012,1,5,9.0,0.9542425094393249,False,0.0,0.0,0.0,0.0,1.0,0.941,ok,0.0,0.0,,,,,35.7,422.0,0.085,8.0,39.0,0.0,9.0,12.0,51.0,34.0
C99,2012-02-01T10:40:00-05:00,False,2012,2,32,9.0,0.9542425094393249,False,0.0,0.0,0.0,0.5,1.0,0.941,ok,0.0,0.5,,,,,189.0,420.0,0.45,8.0,57.0,0.0,9.0,8.0,39.0,27.0
C99,2012-03-13T10:10:00-04:00,False,2012,3,73,9.0,0.9542425094393249,False,0.0,0.0,0.0,0.11,0.988,0.941,ok,0.0,0.11,,,,,299.0,376.0,0.795,10.0,54.0,0.0,9.0,8.0,57.0,40.0
C99,2012-04-09T10:59:00-04:00,False,2012,4,100,42.0,1.6232492903979006,False,0.0,0.0,0.03,0.76,1.0,0.941,ok,0.46,0.3,,,,,250.0,288.0,0.868,14.0,67.0,0.0,9.0,10.0,54.0,27.0
C99,2012-04-24T09:56:00-04:00,False,2012,4,115,10.0,1.0,False,0.0,0.03,0.33,1.15,0.994,0.941,ok,0.33,0.82,,,,,51.3,192.0,0.267,5.0,59.0,0.0,42.0,14.0,67.0,14.0
C99,2012-05-09T11:39:00-04:00,False,2012,5,130,9.0,0.9542425094393249,False,0.0,0.0,0.0,1.98,1.0,0.941,ok,0.19,1.79,,,,,105.0,143.0,0.734,10.0,74.0,0.0,10.0,5.0,59.0,15.0
C99,2012-05-23T09:36:00-04:00,False,2012,5,144,10.0,1.0,False,0.01,0.02,0.02,1.08,0.994,0.941,ok,0.02,1.06,,,,,58.1,169.0,0.344,5.0,74.0,0.0,9.0,10.0,74.0,13.0
C99,2012-06-12T11:49:00-04:00,False,2012,6,164,9.0,0.9542425094393249,False,0.01,0.01,0.01,0.6,1.0,0.941,ok,0.0,0.59,,,,,66.3,195.0,0.34,4.0,78.0,0.0,10.0,5.0,74.0,20.0
C99,2012-06-26T10:20:00-04:00,False,2012,6,178,10.0,1.0,False,0.38,0.38,0.89,0.89,0.988,0.941,mismatch,0.85,0.0,,,,,17.3,155.0,0.112,10.0,77.0,0.0,9.0,4.0,78.0,13.0
C99,2012-07-10T10:17:00-04:00,False,2012,7,192,9.0,0.9542425094393249,False,0.04,0.04,0.04,0.04,1.0,0.941,ok,0.04,0.0,,,,,7.89,149.0,0.053,10.0,83.0,0.0,10.0,10.0,77.0,13.0
C99,2012-07-24T10:42:00-04:00,False,2012,7,206,10.0,1.0,False,0.79,0.79,0.9,3.98,0.982,0.941,ok,0.72,2.94,,,,,338.0,136.0,2.485,10.0,82.0,0.6,9.0,10.0,83.0,14.0
C99,2012-08-13T10:03:00-04:00,False,2012,8,226,10.0,1.0,False,0.13,1.41,1.53,1.82,1.0,0.941,ok,1.53,0.29,,,,,373.0,304.0,1.227,5.0,84.0,1.0,10.0,10.0,82.0,19.0
C99,2012-08-22T10:19:00-04:00,False,2012,8,235,20.0,1.3010299956639813,False,0.01,0.07,1.75,2.76,1.0,0.941,ok,1.83,1.01,,,,,917.0,197.0,4.655,8.0,79.0,0.5,10.0,5.0,84.0,9.0
C99,2012-09-13T11:27:00-04:00,False,2012,9,257,42.0,1.6232492903979006,False,0.0,0.01,0.01,0.81,0.988,0.941,ok,0.01,0.8,,,,,395.0,230.0,1.717,12.0,75.0,0.0,20.0,8.0,79.0,22.0
C99,2012-09-26T09:56:00-04:00,False,2012,9,270,9.0,0.9542425094393249,False,0.01,0.01,0.01,0.02,0.994,0.941,ok,0.0,0.01,,,,,203.0,144.0,1.41,6.0,75.0,0.0,42.0,12.0,75.0,12.0
C99,2012-10-10T09:29:00-04:00,False,2012,10,284,87.0,1.9395192526186185,False,0.0,0.12,0.12,0.3,0.988,0.941,ok,0.12,0.18,,,,,58.1,135.0,0.43,12.0,67.0,0.0,9.0,6.0,75.0,13.0
C99,2012-10-22T10:01:00-04:00,False,2012,10,296,20.0,1.3010299956639813,False,0.0,0.0,0.05,0.67,0.988,0.941,ok,0.07,0.6,,,,,40.4,83.0,0.487,10.0,65.0,0.0,87.0,12.0,67.0,12.0
C99,2012-11-13T10:14:00-05:00,False,2012,11,318,9.0,0.9542425094393249,False,0.17,0.17,0.17,0.51,0.988,0.941,ok,0.17,0.34,,,,,42.9,160.0,0.268,10.0,62.0,0.0,20.0,10.0,65.0,22.0
C99,2012-12-04T10:27:00-05:00,False,2012,12,339,9.0,0.9542425094393249,False,0.01,0.01,0.01,0.05,1.0,0.941,ok,0.0,0.04,,,,,34.8,195.0,0.178,10.0,54.0,0.0,9.0,10.0,62.0,21.0
C99,2013-01-07T10:28:00-05:00,False,2013,1,7,324.0,2.510545010206612,True,0.04,0.04,0.04,0.53,1.0,0.998,ok,0.04,0.49,,,,,406.0,397.0,1.023,6.0,48.0,0.0,9.0,10.0,54.0,34.0
C99,2013-02-21T09:17:00-05:00,False,2013,2,52,20.0,1.3010299956639813,False,0.0,0.15,0.15,0.41,0.994,0.998,ok,0.15,0.26,,,,,332.0,480.0,0.692,5.0,36.0,0.0,324.0,6.0,48.0,44.0
C99,2013-03-27T09:54:00-04:00,False,2013,3,86,10.0,1.0,False,0.0,0.0,0.07,0.14,1.0,0.998,ok,0.14,0.0,,,,,80.4,402.0,0.2,6.0,49.0,0.0,20.0,5.0,36.0,33.0
C99,2013-04-03T10:15:00-04:00,False,2013,4,93,10.0,1.0,False,0.0,0.0,0.0,0.0,1.0,0.998,ok,0.0,0.0,,,,,56.7,407.0,0.139,8.0,54.0,0.0,10.0,6.0,49.0,7.0
C99,2013-04-16T09:34:00-04:00,False,2013,4,106,9.0,0.9542425094393249,False,0.01,0.07,0.07,0.23,1.0,0.998,ok,0.07,0.16,,,,,73.7,323.0,0.228,2.0,67.0,0.0,10.0,8.0,54.0,12.0
C99,2013-05-07T10:20:00-04:00,False,2013,5,127,9.0,0.9542425094393249,False,0.4,0.52,0.53,0.57,1.0,0.998,ok,0.52,0.04,,,,,45.8,177.0,0.259,2.0,68.0,0.0,9.0,2.0,67.0,21.0
C99,2013-05-21T10:04:00-04:00,False,2013,5,141,10.0,1.0,False,0.18,0.18,0.29,0.29,1.0,0.998,ok,0.29,0.0,,,,,11.5,154.0,0.075,5.0,76.0,0.0,9.0,2.0,68.0,13.0
C99,2013-06-05T11:37:00-04:00,False,2013,6,156,9.0,0.9542425094393249,False,0.0,1.08,1.14,1.16,0.994,0.998,ok,1.15,0.01,,,,,29.8,152.0,0.196,5.0,77.0,0.0,10.0,5.0,76.0,15.0
C99,2013-06-20T10:06:00-04:00,False,2013,6,171,9.0,0.9542425094393249,False,0.0,0.17,0.17,0.43,1.0,0.998,ok,0.17,0.26,,,,,49.9,188.0,0.265,3.0,77.0,0.0,9.0,5.0,77.0,14.0
C99,2013-07-17T10:09:00-04:00,False,2013,7,198,9.0,0.9542425094393249,False,0.19,0.19,0.19,2.1,1.0,0.998,ok,0.01,1.9,,,,,925.0,163.0,5.675,1.0,81.0,0.0,9.0,3.0,77.0,27.0
C99,2013-07-30T11:26:00-04:00,False,2013,7,211,9.0,0.9542425094393249,False,0.56,0.74,0.74,0.74,1.0,0.998,ok,0.73,0.0,,,,,53.6,162.0,0.331,2.0,82.0,0.0,9.0,1.0,81.0,13.0
C99,2013-08-13T10:19:00-04:00,False,2013,8,225,10.0,1.0,False,0.38,1.43,1.75,1.84,0.976,0.998,ok,1.37,0.09,,,,,28.6,304.0,0.094,5.0,83.0,0.65,9.0,2.0,82.0,13.0
C99,2013-08-27T09:59:00-04:00,False,2013,8,239,9.0,0.9542425094393249,False,0.0,0.0,0.0,0.29,0.988,0.998,ok,0.0,0.29,,,,,120.0,233.0,0.515,12.0,71.0,0.0,10.0,5.0,83.0,13.0
C99,2013-09-10T10:04:00-04:00,False,2013,9,253,10.0,1.0,False,0.01,0.01,0.01,0.97,1.0,0.998,ok,0.0,0.96,,,,,110.0,193.0,0.57,6.0,81.0,0.0,9.0,12.0,71.0,14.0
C99,2013-09-24T10:12:00-04:00,False,2013,9,267,9.0,0.9542425094393249,False,0.0,0.01,1.21,1.21,1.0,0.998,ok,1.21,0.0,,,,,17.8,130.0,0.137,10.0,71.0,0.0,10.0,6.0,81.0,14.0
C99,2013-10-16T11:09:00-04:00,False,2013,10,289,9.0,0.9542425094393249,False,0.0,0.0,0.19,0.9,1.0,0.998,ok,0.19,1.06,,,,,37.8,108.0,0.35,14.0,66.0,0.0,9.0,10.0,71.0,22.0
C99,2013-10-24T10:30:00-04:00,False,2013,10,297,9.0,0.9542425094393249,False,0.0,0.13,0.13,0.28,1.0,0.998,ok,0.13,0.15,,,,,31.7,77.0,0.412,16.0,63.0,0.0,9.0,14.0,66.0,7.0
C99,2013-11-05T11:48:00-05:00,False,2013,11,309,20.0,1.3010299956639813,False,0.0,0.0,0.0,0.79,0.994,0.998,ok,0.69,0.1,,,,,31.9,98.0,0.326,12.0,63.0,0.0,9.0,16.0,63.0,12.0
C99,2013-12-12T10:46:00-05:00,False,2013,12,346,9.0,0.9542425094393249,False,0.0,0.23,0.24,0.59,1.0,0.998,ok,0.25,0.35,,,,,158.0,212.0,0.745,12.0,48.0,0.0,20.0,12.0,63.0,36.0
C99,2014-04-02T09:50:00-04:00,False,2014,4,92,9.0,0.9542425094393249,False,0.0,0.0,0.0,0.73,1.0,0.975,ok,0.0,0.73,0.0,0.71,0.0,0.44,919.0,397.0,2.315,5.0,59.0,0.0,9.0,12.0,48.0,110.0
C99,2014-04-21T11:22:00-04:00,False,2014,4,111,9.0,0.9542425094393249,False,0.12,0.48,2.11,3.44,1.0,0.975,ok,2.11,1.33,1.9,1.03,1.77,1.34,393.0,259.0,1.517,2.0,57.0,1.0,9.0,5.0,59.0,19.0
C99,2014-05-06T10:04:00-04:00,False,2014,5,126,9.0,0.9542425094393249,False,0.0,0.0,0.0,0.73,1.0,0.975,ok,0.0,0.73,0.0,1.48,0.0,1.39,94.1,201.0,0.468,2.0,72.0,0.0,9.0,2.0,57.0,14.0
C99,2014-06-03T10:04:00-04:00,False,2014,6,154,9.0,0.9542425094393249,False,0.0,0.0,0.0,0.13,1.0,0.975,ok,0.0,0.13,0.0,0.67,0.0,0.11,17.8,154.0,0.116,3.0,75.0,0.0,9.0,2.0,72.0,28.0
C99,2014-06-17T09:05:00-04:00,False,2014,6,168,9.0,0.9542425094393249,False,0.0,0.0,0.0,1.37,0.994,0.975,ok,0.03,1.64,0.02,1.99,0.01,1.73,11.5,130.0,0.088,4.0,81.0,0.0,9.0,3.0,75.0,13.0
C99,2014-07-15T10:45:00-04:00,False,2014,7,196,9.0,0.9542425094393249,False,0.0,0.0,0.0,0.92,1.0,0.975,ok,0.01,0.91,0.0,1.59,0.0,0.79,38.2,173.0,0.221,2.0,84.0,0.0,9.0,4.0,81.0,28.0
C99,2014-07-29T09:44:00-04:00,False,2014,7,210,9.0,0.9542425094393249,False,0.6,0.6,0.6,3.07,0.988,0.975,ok,0.6,2.47,0.4,2.96,0.38,2.46,202.0,169.0,1.195,5.0,80.0,1.0,9.0,2.0,84.0,13.0
C99,2014-08-12T11:14:00-04:00,False,2014,8,224,9.0,0.9542425094393249,False,0.0,0.0,0.37,0.42,1.0,0.975,ok,0.37,0.05,1.15,0.41,0.56,0.4,253.0,186.0,1.36,2.0,83.0,0.0,9.0,5.0,80.0,14.0
C99,2014-08-20T10:06:00-04:00,False,2014,8,232,20.0,1.3010299956639813,False,0.0,3.62,3.62,3.62,0.976,0.975,ok,3.62,0.0,2.2,0.01,2.42,0.0,284.0,241.0,1.178,4.0,80.0,0.5,9.0,2.0,83.0,7.0
C99,2014-09-03T11:04:00-04:00,False,2014,9,246,9.0,0.9542425094393249,False,0.0,0.0,0.0,0.0,1.0,0.975,ok,0.0,0.0,0.0,0.0,0.0,0.0,48.4,175.0,0.277,5.0,81.0,0.0,20.0,4.0,80.0,14.0
C99,2014-09-16T11:59:00-04:00,False,2014,9,259,10.0,1.0,False,0.0,0.01,0.39,2.62,1.0,0.975,ok,0.39,2.47,0.86,1.48,0.64,1.2,387.0,247.0,1.567,5.0,74.0,0.0,9.0,5.0,81.0,13.0
C99,2014-10-14T10:57:00-04:00,False,2014,10,287,9.0,0.9542425094393249,False,0.0,0.0,0.4,0.4,0.988,0.975,ok,0.4,0.0,0.48,0.0,0.39,0.0,19.6,101.0,0.194,4.0,71.0,0.0,10.0,5.0,74.0,27.0
C99,2014-10-28T09:57:00-04:00,False,2014,10,301,9.0,0.9542425094393249,False,0.0,0.0,0.0,0.0,1.0,0.975,ok,0.0,0.0,0.0,0.01,0.0,0.0,20.0,90.0,0.222,5.0,64.0,0.0,9.0,4.0,71.0,13.0
C99,2014-11-13T11:38:00-05:00,False,2014,11,317,31.0,1.4913616938342726,False,0.0,0.0,0.07,0.07,0.994,0.975,ok,0.07,0.0,0.05,0.16,0.02,0.0,12.7,160.0,0.079,10.0,59.0,0.0,9.0,5.0,64.0,16.0
C99,2014-12-04T10:21:00-05:00,False,2014,12,338,9.0,0.9542425094393249,False,0.0,0.0,0.0,0.0,1.0,0.975,ok,0.0,0.0,0.0,0.04,0.0,0.0,116.0,195.0,0.595,8.0,51.0,0.0,31.0,10.0,59.0,20.0
C99,2015-01-21T09:25:00-05:00,False,2015,1,21,53.0,1.7242758696007892,False,0.0,0.0,0.48,0.5,0.994,0.94,ok,0.48,0.13,0.43,0.11,0.41,0.06,494.0,398.0,1.241,0.0,45.0,0.0,9.0,8.0,51.0,47.0
C99,2015-02-18T09:52:00-05:00,False,2015,2,49,31.0,1.4913616938342726,False,0.0,0.0,0.0,0.0,1.0,0.94,unverified,0.0,0.0,1.09,0.03,0.99,0.0,140.0,550.0,0.255,2.0,34.0,0.0,53.0,0.0,45.0,28.0
C99,2015-03-09T10:39:00-04:00,False,2015,3,68,9.0,0.9542425094393249,False,0.0,0.0,0.0,0.0,0.988,0.94,ok,0.0,0.0,0.0,0.55,0.0,0.48,439.0,532.0,0.825,0.0,50.0,0.0,31.0,2.0,34.0,18.0
C99,2015-04-07T10:17:00-04:00,False,2015,4,97,9.0,0.9542425094393249,False,0.0,0.0,0.02,0.02,1.0,0.94,ok,0.02,0.0,0.0,0.0,0.01,0.0,126.0,295.0,0.427,0.0,63.0,0.0,9.0,0.0,50.0,28.0
C99,2015-04-21T09:25:00-04:00,False,2015,4,111,10.0,1.0,False,0.0,0.98,0.98,1.37,1.0,0.94,ok,0.98,0.39,0.74,0.61,1.21,0.43,111.0,259.0,0.429,1.0,67.0,0.0,9.0,0.0,63.0,13.0
C99,2015-05-05T10:37:00-04:00,False,2015,5,125,10.0,1.0,False,0.0,0.0,0.0,0.35,1.0,0.94,ok,0.0,0.35,0.0,0.24,0.0,0.29,45.9,197.0,0.233,1.0,70.0,0.0,10.0,1.0,67.0,14.0
C99,2015-05-19T08:50:00-04:00,False,2015,5,139,9.0,0.9542425094393249,False,0.0,0.0,0.0,0.0,1.0,0.94,ok,0.0,0.0,0.0,0.0,0.0,0.0,430.0,119.0,3.613,0.0,75.0,0.0,10.0,1.0,70.0,13.0
C99,2015-06-10T08:48:00-04:00,False,2015,6,161,10.0,1.0,False,0.37,0.37,0.37,2.02,1.0,0.94,ok,0.37,3.1,0.33,7.55,0.82,3.53,174.0,162.0,1.074,1.0,77.0,0.0,9.0,0.0,75.0,21.0
C99,2015-06-17T08:38:00-04:00,False,2015,6,168,9.0,0.9542425094393249,False,0.0,0.0,0.0,0.87,0.964,0.94,ok,0.0,0.87,0.0,0.85,0.0,1.09,51.8,130.0,0.398,3.0,81.0,0.0,10.0,1.0,77.0,6.0
C99,2015-07-16T09:31:00-04:00,False,2015,7,197,20.0,1.3010299956639813,False,0.0,0.0,1.19,1.67,1.0,0.94,ok,1.19,0.48,0.95,0.14,0.72,0.24,7.54,163.0,0.046,8.0,81.0,0.0,9.0,3.0,81.0,29.0
C99,2015-07-29T10:15:00-04:00,False,2015,7,210,9.0,0.9542425094393249,False,0.0,0.0,0.0,4.76,1.0,0.94,ok,0.0,4.76,0.0,2.65,0.0,2.48,202.0,169.0,1.195,6.0,82.0,0.0,20.0,8.0,81.0,13.0
C99,2015-08-12T09:03:00-04:00,False,2015,8,224,20.0,1.3010299956639813,False,2.83,2.83,2.83,3.8,0.994,0.94,ok,2.83,0.97,2.9,0.63,1.93,0.8,79.4,186.0,0.427,10.0,80.0,1.5,9.0,6.0,82.0,13.0
C99,2015-08-26T08:58:00-04:00,False,2015,8,238,9.0,0.9542425094393249,False,0.09,0.09,0.09,0.17,0.988,0.94,ok,0.0,0.08,0.02,0.91,0.01,0.72,24.6,213.0,0.115,12.0,80.0,0.2,20.0,10.0,80.0,13.0
C99,2015-09-01T09:14:00-04:00,False,2015,9,244,31.0,1.4913616938342726,False,1.13,1.13,1.13,4.39,1.0,0.94,ok,1.13,3.26,1.0,1.92,0.72,2.87,39.2,200.0,0.196,10.0,78.0,0.0,9.0,12.0,80.0,6.0
C99,2015-09-16T09:24:00-04:00,False,2015,9,259,9.0,0.9542425094393249,False,0.0,0.0,0.0,0.8,0.994,0.94,ok,0.0,0.8,0.0,0.55,0.0,0.99,109.0,247.0,0.441,8.0,74.0,0.0,31.0,10.0,78.0,15.0
C99,2015-10-15T10:52:00-04:00,False,2015,10,288,10.0,1.0,False,0.0,0.0,0.09,0.37,1.0,0.94,ok,0.29,0.08,0.37,0.12,0.33,0.07,242.0,100.0,2.42,7.0,66.0,0.0,9.0,8.0,74.0,29.0
C99,2015-10-21T09:54:00-04:00,False,2015,10,294,9.0,0.9542425094393249,False,0.0,0.0,0.0,0.0,0.994,0.94,ok,0.0,0.0,0.0,0.0,0.0,0.0,87.6,89.0,0.984,10.0,63.0,0.0,10.0,7.0,66.0,5.0
C99,2015-11-18T12:09:00-05:00,False,2015,11,322,20.0,1.3010299956639813,False,0.0,0.0,0.0,0.0,1.0,0.94,ok,0.0,0.0,0.0,0.0,0.0,0.0,322.0,136.0,2.368,2.0,59.0,0.0,9.0,10.0,63.0,28.0
C99,2015-12-07T10:26:00-05:00,False,2015,12,341,9.0,0.9542425094393249,False,0.1,0.1,0.1,0.67,1.0,0.94,ok,0.0,0.57,0.0,0.42,0.0,0.25,199.0,190.0,1.047,4.0,51.0,0.0,20.0,2.0,59.0,18.0
C99,2016-01-20T10:31:00-05:00,False,2016,1,20,9.0,0.9542425094393249,False,0.0,0.0,0.28,1.24,0.994,0.989,ok,0.3,0.94,0.33,1.02,0.36,0.88,317.0,412.0,0.769,3.0,36.0,0.0,9.0,4.0,51.0,44.0
C99,2016-02-02T11:14:00-05:00,False,2016,2,33,20.0,1.3010299956639813,False,0.0,0.0,0.0,0.12,1.0,0.989,ok,0.0,0.12,0.0,0.3,0.0,0.15,267.0,397.0,0.673,0.0,48.0,0.0,9.0,3.0,36.0,13.0
C99,2016-03-15T09:18:00-04:00,False,2016,3,75,20.0,1.3010299956639813,False,0.17,0.19,0.19,0.19,0.994,0.989,ok,0.16,0.0,1.75,0.0,1.32,0.0,100.0,366.0,0.273,2.0,65.0,0.0,20.0,0.0,48.0,41.0
C99,2016-04-06T11:33:00-04:00,False,2016,4,97,10.0,1.0,False,0.0,0.0,0.0,0.34,0.994,0.989,ok,0.0,0.34,0.0,0.38,0.0,0.45,79.8,340.0,0.235,0.0,55.0,0.0,20.0,2.0,65.0,22.0
C99,2016-04-20T11:43:00-04:00,False,2016,4,111,9.0,0.9542425094393249,False,0.0,0.0,0.0,0.0,1.0,0.989,ok,0.0,0.0,0.0,0.0,0.0,0.0,52.2,256.0,0.204,0.0,60.0,0.0,10.0,0.0,55.0,14.0
C99,2016-05-04T10:45:00-04:00,False,2016,5,125,9.0,0.9542425094393249,False,0.79,1.7,1.71,2.05,0.994,0.989,ok,1.02,0.34,1.1,0.5,1.18,0.29,56.8,199.0,0.285,2.0,69.0,0.5,9.0,0.0,60.0,13.0
C99,2016-05-18T12:53:00-04:00,False,2016,5,139,9.0,0.9542425094393249,False,0.65,0.65,0.65,1.48,1.0,0.989,ok,0.31,0.83,0.34,1.04,0.33,1.57,70.0,90.0,0.778,2.0,68.0,0.5,9.0,2.0,69.0,14.0
C99,2016-06-16T08:57:00-04:00,False,2016,6,168,10.0,1.0,False,0.14,0.14,0.14,0.14,1.0,0.989,ok,0.0,0.0,0.0,0.19,0.0,0.05,40.4,129.0,0.313,4.0,78.0,1.75,9.0,2.0,68.0,28.0
C99,2016-06-28T09:18:00-04:00,False,2016,6,180,10.0,1.0,False,0.0,0.0,0.0,0.0,1.0,0.989,ok,0.0,0.0,0.0,0.0,0.0,0.0,7.59,150.0,0.051,4.0,80.0,0.0,10.0,4.0,78.0,12.0
C99,2016-07-14T08:48:00-04:00,False,2016,7,196,10.0,1.0,False,0.0,0.82,0.86,4.09,1.0,0.989,ok,0.86,3.23,2.21,2.43,1.35,2.86,77.0,178.0,0.433,4.0,82.0,0.0,10.0,4.0,80.0,15.0
C99,2016-07-28T08:35:00-04:00,False,2016,7,210,9.0,0.9542425094393249,False,0.97,0.97,0.97,0.97,1.0,0.989,ok,0.97,0.0,1.84,0.0,2.38,0.0,7.13,166.0,0.043,4.0,83.0,0.6,10.0,4.0,82.0,13.0
C99,2016-08-10T08:29:00-04:00,False,2016,8,223,9.0,0.9542425094393249,False,0.28,0.81,1.21,1.39,1.0,0.989,ok,1.21,0.18,1.24,0.1,1.13,0.14,356.0,206.0,1.728,9.0,85.0,0.0,9.0,4.0,83.0,12.0
C99,2016-08-23T08:51:00-04:00,False,2016,8,236,20.0,1.3010299956639813,False,0.0,0.0,0.0,1.54,1.0,0.989,ok,0.01,1.53,0.0,1.83,0.0,1.56,402.0,235.0,1.711,7.0,84.0,0.0,9.0,9.0,85.0,13.0
C99,2016-09-13T11:34:00-04:00,False,2016,9,257,9.0,0.9542425094393249,False,0.84,2.48,2.48,2.64,0.988,0.989,ok,2.48,0.16,1.73,0.06,2.57,0.0,202.0,230.0,0.878,0.0,79.0,0.0,20.0,7.0,84.0,21.0
C99,2016-09-27T08:50:00-04:00,False,2016,9,271,20.0,1.3010299956639813,False,0.0,0.0,0.0,3.29,1.0,0.989,ok,0.0,3.29,0.0,2.89,0.0,2.76,487.0,132.0,3.689,2.0,78.0,0.0,9.0,0.0,79.0,13.0
C99,2016-10-20T11:10:00-04:00,False,2016,10,294,9.0,0.9542425094393249,False,0.0,0.0,0.0,0.0,1.0,0.989,ok,0.0,0.0,0.0,0.0,0.0,0.0,270.0,89.0,3.034,0.0,73.0,0.0,20.0,2.0,78.0,23.0
C99,2016-10-26T10:48:00-04:00,False,2016,10,300,20.0,1.3010299956639813,False,0.0,0.0,0.0,0.2,1.0,0.989,ok,0.0,0.2,0.0,0.1,0.0,0.18,131.0,70.0,1.871,2.0,70.0,0.0,9.0,0.0,73.0,5.0
C99,2016-11-03T09:17:00-04:00,False,2016,11,308,9.0,0.9542425094393249,False,0.0,0.0,0.0,0.0,1.0,0.989,ok,0.0,0.0,0.0,0.0,0.0,0.0,63.3,100.0,0.633,0.0,67.0,0.0,20.0,2.0,70.0,7.0
C99,2016-12-13T09:40:00-05:00,False,2016,12,348,10.0,1.0,False,0.26,0.33,0.33,0.77,1.0,0.989,ok,0.33,0.69,0.61,0.72,0.45,0.54,127.0,225.0,0.564,4.0,54.0,0.8,9.0,0.0,67.0,40.0
C99,2017-01-11T09:30:00-05:00,False,2017,1,11,42.0,1.6232492903979006,False,0.06,0.06,0.06,1.13,1.0,0.984,ok,0.05,1.07,0.01,1.4,0.0,1.34,618.0,371.0,1.666,1.0,51.0,0.0,10.0,4.0,54.0,28.0
C99,2017-02-02T09:22:00-05:00,False,2017,2,33,10.0,1.0,False,0.0,0.0,0.0,0.11,1.0,0.984,ok,0.0,0.11,0.0,0.02,0.0,0.03,129.0,397.0,0.325,4.0,53.0,0.0,42.0,1.0,51.0,21.0
C99,2017-03-27T10:20:00-04:00,False,2017,3,86,9.0,0.9542425094393249,False,0.0,0.0,0.0,0.22,1.0,0.984,ok,0.0,0.22,0.0,0.36,0.0,0.31,75.5,402.0,0.188,2.0,65.0,0.0,10.0,4.0,53.0,52.0
C99,2017-04-05T08:38:00-04:00,False,2017,4,95,9.0,0.9542425094393249,False,0.0,0.41,0.41,0.66,0.994,0.984,ok,0.41,0.26,0.46,0.52,0.34,0.58,150.0,385.0,0.39,1.0,68.0,0.0,9.0,2.0,65.0,8.0
C99,2017-04-18T10:03:00-04:00,False,2017,4,108,9.0,0.9542425094393249,False,0.58,0.58,0.58,0.58,1.0,0.984,ok,0.18,0.0,0.18,0.0,0.34,0.0,39.7,341.0,0.116,5.0,70.0,0.0,9.0,1.0,68.0,13.0
C99,2017-05-04T10:21:00-04:00,False,2017,5,124,20.0,1.3010299956639813,False,0.0,0.0,0.06,0.07,1.0,0.984,ok,0.06,0.01,0.09,0.0,0.06,0.0,198.0,199.0,0.995,2.0,72.0,0.0,9.0,5.0,70.0,16.0
C99,2017-05-17T09:11:00-04:00,False,2017,5,137,9.0,0.9542425094393249,False,0.0,0.0,0.0,0.32,1.0,0.984,ok,0.0,0.4,0.0,0.37,0.0,0.49,77.6,92.0,0.843,4.0,76.0,0.0,20.0,2.0,72.0,12.0
C99,2017-06-14T09:22:00-04:00,False,2017,6,165,10.0,1.0,False,0.0,0.0,0.0,0.54,1.0,0.984,ok,0.0,1.02,0.0,0.67,0.0,0.77,23.6,149.0,0.158,4.0,81.0,0.0,9.0,4.0,76.0,28.0
C99,2017-06-22T09:21:00-04:00,False,2017,6,173,10.0,1.0,False,0.01,0.95,0.95,1.13,0.988,0.984,ok,0.95,0.18,0.89,0.84,1.13,0.48,40.1,202.0,0.199,6.0,81.0,0.0,10.0,4.0,81.0,7.0
C99,2017-07-06T09:15:00-04:00,False,2017,7,187,9.0,0.9542425094393249,False,0.07,0.07,0.23,1.08,1.0,0.984,ok,0.3,0.78,0.26,0.39,0.52,0.47,76.3,358.0,0.213,4.0,85.0,1.0,10.0,6.0,81.0,13.0
C99,2017-07-20T08:38:00-04:00,False,2017,7,201,9.0,0.9542425094393249,False,0.0,0.2,0.26,2.11,0.994,0.984,ok,0.86,1.25,0.69,1.58,0.63,1.41,49.5,199.0,0.249,8.0,83.0,0.0,9.0,4.0,85.0,13.0
C99,2017-08-09T10:58:00-04:00,False,2017,8,221,9.0,0.9542425094393249,False,0.89,1.44,1.95,2.29,0.994,0.984,ok,1.6,0.34,1.43,0.37,1.37,0.28,30.5,173.0,0.176,13.0,79.0,1.5,9.0,8.0,83.0,20.0
C99,2017-08-22T08:40:00-04:00,False,2017,8,234,9.0,0.9542425094393249,False,0.0,0.0,1.01,1.56,0.994,0.984,ok,1.01,0.55,0.44,0.83,0.72,1.01,54.3,197.0,0.276,6.0,85.0,0.0,9.0,13.0,79.0,12.0
C99,2017-09-07T09:00:00-04:00,False,2017,9,250,9.0,0.9542425094393249,False,0.0,0.0,0.0,1.48,1.0,0.984,ok,0.0,1.48,0.93,3.92,0.58,2.87,133.0,219.0,0.607,5.0,76.0,0.6,9.0,6.0,85.0,16.0
C99,2017-09-21T08:41:00-04:00,False,2017,9,264,9.0,0.9542425094393249,False,0.0,0.0,0.0,0.64,0.988,0.984,ok,0.0,0.64,0.0,0.5,0.0,0.49,53.4,165.0,0.324,9.0,78.0,0.0,9.0,5.0,76.0,13.0
C99,2017-10-04T10:36:00-04:00,False,2017,10,277,9.0,0.9542425094393249,False,0.0,0.0,0.0,0.02,0.994,0.984,ok,0.0,0.02,0.0,0.0,0.0,0.01,10.1,250.0,0.04,11.0,72.0,0.0,9.0,9.0,78.0,13.0
C99,2017-10-19T10:14:00-04:00,False,2017,10,292,10.0,1.0,False,0.0,0.0,0.06,0.51,0.994,0.984,ok,0.06,0.45,0.39,0.81,0.37,0.84,8.07,102.0,0.079,15.0,68.0,0.0,9.0,11.0,72.0,14.0
C99,2017-11-01T10:55:00-04:00,False,2017,11,305,9.0,0.9542425094393249,False,0.0,0.0,0.74,2.74,1.0,0.984,ok,2.74,0.0,1.64,0.0,1.92,0.0,36.2,91.0,0.398,9.0,60.0,0.0,10.0,15.0,68.0,13.0
C99,2017-12-11T09:30:00-05:00,False,2017,12,345,9.0,0.9542425094393249,False,0.0,0.01,1.21,2.65,0.994,0.984,ok,1.88,0.77,1.8,0.69,1.83,0.76,173.0,195.0,0.887,12.0,49.0,0.0,9.0,9.0,60.0,39.0
C99,2018-01-24T08:55:00-05:00,False,2018,1,24,20.0,1.3010299956639813,False,0.26,0.38,0.38,0.41,1.0,0.779,ok,0.38,0.03,0.19,0.16,0.29,0.17,151.0,367.0,0.411,2.0,45.0,0.3,9.0,12.0,49.0,43.0
C99,2018-02-14T10:09:00-05:00,False,2018,2,45,42.0,1.6232492903979006,False,0.04,0.07,0.44,0.54,1.0,0.779,ok,0.43,0.1,0.3,0.12,0.3,0.09,173.0,477.0,0.363,8.0,53.0,0.1,20.0,2.0,45.0,21.0
C99,2018-03-19T10:12:00-04:00,False,2018,3,78,20.0,1.3010299956639813,False,0.0,0.0,0.0,0.68,1.0,0.779,ok,0.0,0.82,0.0,0.81,0.0,0.85,114.0,414.0,0.275,4.0,50.0,0.0,42.0,8.0,53.0,32.0
C99,2018-04-11T09:57:00-04:00,False,2018,4,101,10.0,1.0,False,0.0,0.07,0.07,0.37,0.988,0.779,unverified,0.1,0.27,0.38,1.24,0.54,1.39,350.0,352.0,0.994,1.0,56.0,0.0,20.0,4.0,50.0,22.0
C99,2018-04-26T13:00:00-04:00,False,2018,4,116,9.0,0.9542425094393249,False,0.0,0.15,1.34,1.34,1.0,0.779,ok,1.34,0.0,1.45,0.0,1.38,0.0,306.0,160.0,1.913,0.0,68.0,0.0,10.0,1.0,56.0,15.0
C99,2018-05-09T09:26:00-04:00,False,2018,5,129,20.0,1.3010299956639813,False,0.0,0.0,0.24,0.87,0.982,0.779,ok,0.81,0.06,0.66,0.18,0.75,0.32,139.0,143.0,0.972,5.0,68.0,0.0,9.0,0.0,68.0,12.0
C99,2018-05-23T09:04:00-04:00,False,2018,5,143,9.0,0.9542425094393249,False,0.0,0.06,0.06,2.84,1.0,0.779,ok,0.06,2.78,0.54,1.85,0.33,2.6,1130.0,169.0,6.686,2.0,75.0,0.0,20.0,5.0,68.0,13.0
C99,2018-06-06T08:53:00-04:00,False,2018,6,157,9.0,0.9542425094393249,False,0.0,0.0,0.23,1.37,1.0,0.779,ok,0.23,1.14,0.23,0.61,0.25,0.96,612.0,176.0,3.477,12.0,77.0,0.0,9.0,2.0,75.0,13.0
C99,2018-06-19T08:36:00-04:00,False,2018,6,170,10.0,1.0,False,0.0,0.4,0.4,0.44,1.0,0.779,ok,0.4,0.04,0.46,0.44,0.41,1.78,167.0,177.0,0.944,5.0,82.0,1.0,9.0,12.0,77.0,12.0
C99,2018-07-10T09:25:00-04:00,False,2018,7,191,9.0,0.9542425094393249,False,0.0,0.01,0.01,0.19,1.0,0.779,ok,0.01,0.18,0.01,0.29,0.01,0.36,55.2,149.0,0.37,4.0,79.0,0.0,10.0,5.0,82.0,21.0
C99,2018-07-31T10:20:00-04:00,False,2018,7,212,10.0,1.0,False,0.25,0.61,0.92,5.39,1.0,0.779,ok,0.87,6.9,1.04,4.5,1.26,4.67,658.0,203.0,3.241,1.0,81.0,0.5,9.0,4.0,79.0,21.0
C99,2018-08-09T08:52:00-04:00,False,2018,8,221,10.0,1.0,False,0.25,0.25,0.25,1.1,1.0,0.779,ok,0.25,0.89,0.18,1.04,0.13,0.74,715.0,173.0,4.133,1.0,82.0,0.0,10.0,1.0,81.0,8.0
C99,2018-08-23T08:52:00-04:00,False,2018,8,235,10.0,1.0,False,0.41,0.49,0.76,3.86,0.994,0.779,ok,3.67,0.19,3.68,1.16,4.1,2.32,650.0,235.0,2.766,2.0,81.0,0.0,10.0,1.0,82.0,14.0
C99,2018-10-03T09:22:00-04:00,False,2018,10,276,31.0,1.4913616938342726,False,0.0,0.0,0.0,0.19,1.0,0.779,ok,0.0,0.19,0.0,0.14,0.0,0.17,204.0,239.0,0.854,0.0,78.0,0.0,10.0,2.0,81.0,41.0
C99,2018-10-17T11:32:00-04:00,False,2018,10,290,9.0,0.9542425094393249,False,0.09,0.09,0.09,0.52,0.994,0.779,ok,0.0,0.43,0.0,0.28,0.05,0.33,52.2,121.0,0.431,0.0,75.0,0.0,31.0,0.0,78.0,14.0
C99,2018-11-29T13:33:00-05:00,False,2018,11,333,42.0,1.6232492903979006,False,0.0,0.0,0.0,0.34,0.976,0.779,ok,0.07,0.27,0.28,0.33,0.28,0.43,195.0,182.0,1.071,2.0,50.0,0.0,9.0,0.0,75.0,43.0
C99,2018-12-06T08:44:00-05:00,False,2018,12,340,20.0,1.3010299956639813,False,0.0,0.0,0.0,0.61,0.994,0.779,ok,0.0,0.61,0.0,0.59,0.0,0.7,279.0,173.0,1.613,6.0,48.0,0.0,42.0,2.0,50.0,6.0
C99,2019-01-16T10:01:00-05:00,False,2019,1,16,10.0,1.0,False,0.0,0.0,0.26,0.5,1.0,0.92,ok,0.5,0.0,0.45,0.04,0.47,0.03,200.0,404.0,0.495,0.0,43.0,0.0,20.0,6.0,48.0,41.0
C99,2019-02-05T08:49:00-05:00,False,2019,2,36,9.0,0.9542425094393249,False,0.0,1.47,1.47,1.47,1.0,0.92,ok,1.47,0.0,1.36,0.01,1.65,0.0,141.0,472.0,0.299,0.0,46.0,0.0,10.0,0.0,43.0,19.0
C99,2019-03-13T11:04:00-04:00,False,2019,3,72,20.0,1.3010299956639813,False,0.0,0.0,0.0,0.04,1.0,0.92,ok,0.0,0.04,0.01,0.1,0.02,0.05,185.0,376.0,0.492,1.0,57.0,0.0,9.0,0.0,46.0,36.0
C99,2019-04-11T09:17:00-04:00,False,2019,4,101,9.0,0.9542425094393249,False,0.0,0.0,0.22,0.36,0.988,0.92,mismatch,0.22,0.14,0.29,0.32,0.41,0.22,190.0,352.0,0.54,0.0,65.0,0.0,20.0,1.0,57.0,28.0
C99,2019-04-25T09:15:00-04:00,False,2019,4,115,10.0,1.0,False,0.0,0.0,0.0,0.65,1.0,0.92,ok,0.0,0.65,0.0,0.74,0.0,0.73,363.0,183.0,1.984,0.0,70.0,0.0,9.0,0.0,65.0,13.0
C99,2019-05-09T09:23:00-04:00,False,2019,5,129,9.0,0.9542425094393249,False,0.0,0.0,0.0,0.65,1.0,0.92,ok,0.0,0.65,0.0,0.6,0.0,0.56,21.4,143.0,0.15,2.0,73.0,0.0,10.0,0.0,70.0,14.0
C99,2019-05-22T11:39:00-04:00,False,2019,5,142,10.0,1.0,False,0.0,0.0,0.0,0.0,1.0,0.92,ok,0.0,0.0,0.0,0.0,0.0,0.0,3.81,186.0,0.02,10.0,75.0,0.0,9.0,2.0,73.0,13.0
C99,2019-06-05T09:14:00-04:00,False,2019,6,156,20.0,1.3010299956639813,False,0.0,0.0,0.0,0.75,1.0,0.92,ok,0.0,0.75,0.0,1.25,0.0,1.11,4.36,152.0,0.029,6.0,80.0,0.0,10.0,10.0,75.0,13.0
C99,2019-06-19T09:31:00-04:00,False,2019,6,170,9.0,0.9542425094393249,False,0.2,0.21,0.21,1.4,1.0,0.92,ok,0.19,1.19,0.26,0.52,0.4,0.93,8.13,177.0,0.046,2.0,82.0,0.3,20.0,6.0,80.0,14.0
C99,2019-07-10T09:56:00-04:00,False,2019,7,191,10.0,1.0,False,0.0,0.98,0.98,1.67,0.994,0.92,ok,0.98,0.69,0.45,1.57,0.61,1.24,7.37,149.0,0.049,8.0,81.0,2.0,9.0,2.0,82.0,21.0
C99,2019-07-25T10:00:00-04:00,False,2019,7,206,53.0,1.7242758696007892,False,0.0,0.0,0.0,0.0,1.0,0.92,ok,0.0,0.0,0.26,0.0,0.1,0.0,5.66,159.0,0.036,12.0,80.0,0.0,10.0,8.0,81.0,15.0
C99,2019-08-08T09:12:00-04:00,False,2019,8,220,20.0,1.3010299956639813,False,0.42,0.42,1.19,2.41,1.0,0.92,ok,1.19,1.22,1.27,1.2,1.56,1.27,2.94,201.0,0.015,10.0,84.0,1.75,53.0,12.0,80.0,13.0
C99,2019-08-21T09:14:00-04:00,False,2019,8,233,10.0,1.0,False,0.0,0.0,0.0,2.31,0.988,0.92,ok,0.29,2.02,0.47,3.66,0.41,4.97,34.7,211.0,0.164,6.0,84.0,0.7,20.0,10.0,84.0,13.0
C99,2019-09-12T11:59:00-04:00,False,2019,9,255,10.0,1.0,False,0.0,0.0,0.19,4.44,0.964,0.92,ok,0.19,4.32,0.48,3.84,0.63,5.29,1060.0,193.0,5.492,2.0,81.0,0.0,10.0,6.0,84.0,22.0
C99,2019-09-26T09:34:00-04:00,False,2019,9,269,9.0,0.9542425094393249,False,0.0,0.0,0.0,0.0,1.0,0.92,ok,0.0,0.0,0.0,0.0,0.0,0.0,30.5,144.0,0.212,9.0,76.0,0.0,10.0,2.0,81.0,13.0
C99,2019-10-10T09:01:00-04:00,False,2019,10,283,9.0,0.9542425094393249,False,0.0,0.03,0.1,0.1,1.0,0.92,ok,0.1,0.0,0.06,0.0,0.05,0.0,10.9,135.0,0.081,10.0,70.0,0.0,9.0,9.0,76.0,13.0
C99,2019-10-30T11:46:00-04:00,False,2019,10,303,9.0,0.9542425094393249,False,0.06,0.06,0.06,0.22,0.994,0.92,ok,0.22,0.0,0.14,0.0,0.14,0.0,23.6,93.0,0.254,12.0,69.0,0.0,9.0,10.0,70.0,20.0
C99,2019-11-14T09:04:00-05:00,False,2019,11,318,9.0,0.9542425094393249,False,0.0,0.48,0.48,1.02,0.994,0.92,ok,0.48,0.54,0.45,0.54,0.41,0.49,46.9,151.0,0.311,10.0,58.0,0.6,9.0,12.0,69.0,14.0
C99,2019-12-03T09:01:00-05:00,False,2019,12,337,9.0,0.9542425094393249,False,0.0,0.72,0.99,0.99,1.0,0.92,ok,0.99,0.0,0.85,0.02,0.89,0.01,109.0,194.0,0.562,12.0,53.0,0.0,9.0,10.0,58.0,18.0
C99,2020-01-27T09:10:00-05:00,False,2020,1,27,9.0,0.9542425094393249,False,0.0,0.0,0.25,0.25,1.0,0.954,ok,0.25,0.0,0.25,0.0,0.16,0.0,69.3,537.0,0.129,4.0,47.0,0.0,9.0,12.0,53.0,55.0
C99,2020-02-18T09:23:00-05:00,False,2020,2,49,9.0,0.9542425094393249,False,0.0,0.0,0.0,0.52,0.887,0.954,mismatch,0.0,0.52,0.4,0.44,0.34,0.57,292.0,550.0,0.531,2.0,53.0,0.0,9.0,4.0,47.0,22.0
C99,2020-03-10T09:32:00-04:00,False,2020,3,70,10.0,1.0,False,0.0,0.0,0.0,1.13,1.0,0.954,ok,0.0,1.2,0.02,1.14,0.01,1.07,448.0,474.0,0.945,2.0,52.0,0.0,9.0,2.0,53.0,20.0
C99,2020-05-06T09:07:00-04:00,False,2020,5,127,9.0,0.9542425094393249,False,0.86,0.86,0.86,1.73,0.982,0.954,ok,0.25,0.87,0.28,0.8,0.27,0.97,214.0,201.0,1.065,2.0,68.0,0.6,10.0,2.0,52.0,56.0
C99,2020-05-20T09:35:00-04:00,False,2020,5,141,9.0,0.9542425094393249,False,0.87,1.19,2.69,2.69,1.0,0.954,ok,2.27,0.0,0.83,0.0,2.34,0.0,29.4,153.0,0.192,2.0,68.0,1.0,9.0,2.0,68.0,14.0
C99,2020-06-02T09:21:00-04:00,False,2020,6,154,9.0,0.9542425094393249,False,0.0,0.0,0.0,1.9,0.988,0.954,ok,0.01,1.89,0.0,1.43,0.0,1.86,1970.0,150.0,13.133,0.0,73.0,0.0,9.0,2.0,68.0,12.0
C99,2020-06-17T08:47:00-04:00,False,2020,6,169,111.0,2.0453229787866576,True,0.66,2.04,2.05,4.75,1.0,0.954,ok,2.04,2.68,1.89,1.94,2.06,2.56,612.0,130.0,4.708,1.0,70.0,0.0,9.0,0.0,73.0,14.0
C99,2020-07-14T09:27:00-04:00,False,2020,7,196,10.0,1.0,False,0.91,0.91,0.95,1.72,1.0,0.954,ok,0.95,0.77,1.04,0.54,0.94,0.34,77.2,178.0,0.434,4.0,84.0,0.5,111.0,1.0,70.0,27.0
C99,2020-07-28T11:03:00-04:00,False,2020,7,210,10.0,1.0,False,0.0,0.0,0.39,0.39,1.0,0.954,ok,0.39,0.0,0.43,0.0,0.28,0.0,14.4,166.0,0.087,5.0,84.0,0.0,10.0,4.0,84.0,14.0
C99,2020-08-18T10:46:00-04:00,False,2020,8,231,31.0,1.4913616938342726,False,0.0,0.02,0.16,0.9,0.994,0.954,ok,0.78,0.12,0.5,0.42,0.42,0.36,547.0,258.0,2.12,6.0,80.0,0.0,10.0,5.0,84.0,20.0
C99,2020-08-31T09:49:00-04:00,False,2020,8,244,9.0,0.9542425094393249,False,0.0,0.2,0.2,0.73,1.0,0.954,ok,0.2,0.53,0.09,0.06,0.06,0.04,44.6,173.0,0.258,9.0,83.0,0.0,31.0,6.0,80.0,12.0
C99,2020-09-16T09:49:00-04:00,False,2020,9,260,10.0,1.0,False,0.0,0.56,0.56,0.84,1.0,0.954,ok,0.56,0.29,0.69,0.5,0.33,0.56,437.0,247.0,1.769,10.0,77.0,0.0,9.0,9.0,83.0,16.0
C99,2020-09-28T10:23:00-04:00,False,2020,9,272,9.0,0.9542425094393249,False,0.0,0.0,0.09,0.14,0.988,0.954,ok,0.12,0.02,0.22,0.01,0.19,0.02,133.0,139.0,0.957,4.0,68.0,0.0,10.0,10.0,77.0,12.0
C99,2020-10-12T10:14:00-04:00,False,2020,10,286,9.0,0.9542425094393249,False,1.71,1.8,1.81,1.81,0.994,0.954,ok,1.74,0.0,1.02,0.0,2.22,0.0,69.2,124.0,0.558,1.0,71.0,0.5,9.0,4.0,68.0,13.0
C99,2020-10-21T10:45:00-04:00,False,2020,10,295,9.0,0.9542425094393249,False,0.0,0.01,0.01,0.16,1.0,0.954,ok,0.01,0.15,0.0,0.08,0.0,0.07,55.9,89.0,0.628,5.0,71.0,0.0,9.0,1.0,71.0,9.0
C99,2020-12-02T09:57:00-05:00,False,2020,12,337,137.0,2.1367205671564067,True,0.0,0.0,0.9,1.13,0.994,0.954,ok,0.9,0.23,0.84,0.27,0.99,0.19,174.0,166.0,1.048,0.0,53.0,0.0,9.0,5.0,71.0,42.0
C99,2021-01-04T09:51:00-05:00,False,2021,1,4,64.0,1.806179973983887,False,0.0,0.41,0.7,2.9,1.0,0.99,ok,1.22,1.68,0.81,1.77,0.71,2.4,1560.0,443.0,3.521,1.0,52.0,0.0,137.0,0.0,53.0,32.0
C99,2021-02-03T09:16:00-05:00,False,2021,2,34,53.0,1.7242758696007892,False,0.0,0.01,1.0,1.42,1.0,0.99,ok,1.02,0.46,1.0,0.47,1.01,0.58,568.0,412.0,1.379,1.0,41.0,0.0,64.0,1.0,52.0,29.0
C99,2021-03-02T09:59:00-05:00,False,2021,3,61,20.0,1.3010299956639813,False,0.01,0.01,0.09,0.37,1.0,0.99,ok,0.09,0.28,0.06,0.28,0.11,0.3,370.0,479.0,0.772,1.0,55.0,0.0,53.0,1.0,41.0,27.0
C99,2021-04-06T09:25:00-04:00,False,2021,4,96,9.0,0.9542425094393249,False,0.0,0.0,0.0,0.89,1.0,0.99,ok,0.0,0.89,0.0,1.17,0.0,1.07,566.0,340.0,1.665,0.0,63.0,0.0,20.0,1.0,55.0,34.0
C99,2021-04-20T09:09:00-04:00,False,2021,4,110,9.0,0.9542425094393249,False,0.35,0.35,0.35,0.35,1.0,0.99,ok,0.35,0.0,0.61,0.0,1.07,0.01,51.9,256.0,0.203,1.0,67.0,0.3,9.0,0.0,63.0,13.0
C99,2021-05-04T10:40:00-04:00,False,2021,5,124,31.0,1.4913616938342726,False,0.35,0.35,0.35,0.35,1.0,0.99,ok,0.35,0.0,0.29,0.0,0.22,0.0,14.4,199.0,0.072,0.0,70.0,0.0,9.0,1.0,67.0,14.0
C99,2021-05-18T10:28:00-04:00,False,2021,5,138,9.0,0.9542425094393249,False,0.0,0.01,0.01,0.56,1.0,0.99,ok,0.01,0.55,0.0,0.53,0.01,0.5,13.5,90.0,0.15,1.0,72.0,0.0,31.0,0.0,70.0,13.0
C99,2021-06-15T10:21:00-04:00,False,2021,6,166,75.0,1.8750612633917,False,0.38,0.39,0.39,3.07,1.0,0.99,ok,0.01,2.68,0.0,2.61,0.0,2.3,152.0,141.0,1.078,2.0,78.0,0.4,9.0,1.0,72.0,27.0
C99,2021-06-29T10:31:00-04:00,False,2021,6,180,9.0,0.9542425094393249,False,0.13,0.13,0.13,2.22,1.0,0.99,ok,0.1,2.09,0.14,2.65,0.05,2.02,30.7,160.0,0.192,4.0,79.0,0.0,75.0,2.0,78.0,14.0
C99,2021-07-20T11:06:00-04:00,False,2021,7,201,31.0,1.4913616938342726,False,0.27,2.43,2.43,2.5,1.0,0.99,ok,2.43,0.07,2.31,0.31,1.6,0.15,27.0,199.0,0.136,2.0,81.0,0.0,9.0,4.0,79.0,21.0
C99,2021-07-29T09:12:00-04:00,False,2021,7,210,10.0,1.0,False,0.29,0.29,0.54,0.55,0.976,0.99,ok,0.54,0.01,1.17,0.02,0.76,0.0,29.1,169.0,0.172,7.0,81.0,0.6,31.0,2.0,81.0,8.0
C99,2021-08-12T10:15:00-04:00,False,2021,8,224,10.0,1.0,False,0.02,0.02,0.02,2.21,0.994,0.99,ok,0.02,2.19,0.0,1.23,0.05,1.59,980.0,186.0,5.269,0.0,81.0,0.0,10.0,7.0,81.0,14.0
C99,2021-08-18T09:20:00-04:00,False,2021,8,230,9.0,0.9542425094393249,False,0.39,0.54,0.99,1.01,1.0,0.99,ok,0.6,0.02,0.22,0.0,0.07,0.05,71.8,258.0,0.278,3.0,81.0,0.0,10.0,0.0,81.0,5.0
C99,2021-09-02T08:57:00-04:00,False,2021,9,245,9.0,0.9542425094393249,False,0.04,0.04,0.04,0.04,1.0,0.99,ok,0.01,0.0,0.02,0.0,0.04,0.0,21.9,204.0,0.107,10.0,81.0,0.0,9.0,3.0,81.0,14.0
C99,2021-09-15T09:36:00-04:00,False,2021,9,258,9.0,0.9542425094393249,False,0.0,0.0,0.0,0.66,1.0,0.99,ok,0.0,0.66,0.0,0.5,0.0,0.45,10.8,231.0,0.047,8.0,80.0,0.0,9.0,10.0,81.0,13.0
C99,2021-10-06T09:39:00-04:00,False,2021,10,279,20.0,1.3010299956639813,False,0.0,0.01,0.01,0.15,0.988,0.99,ok,0.01,0.14,0.0,0.0,0.0,0.0,19.2,177.0,0.108,15.0,72.0,0.0,9.0,8.0,80.0,21.0
C99,2021-10-20T09:30:00-04:00,False,2021,10,293,9.0,0.9542425094393249,False,0.0,0.0,0.0,0.05,1.0,0.99,ok,0.0,0.05,0.0,0.0,0.0,0.06,15.3,89.0,0.172,10.0,69.0,0.0,20.0,15.0,72.0,13.0
C99,2021-11-03T09:50:00-04:00,False,2021,11,307,9.0,0.9542425094393249,False,0.0,0.0,0.0,0.33,1.0,0.99,ok,0.0,0.33,0.0,0.29,0.0,0.37,20.1,100.0,0.201,16.0,63.0,0.0,9.0,10.0,69.0,14.0
C99,2021-12-14T09:41:00-05:00,False,2021,12,348,9.0,0.9542425094393249,False,0.0,0.0,0.13,1.56,1.0,0.99,ok,0.13,1.43,0.19,1.44,0.16,1.68,64.6,231.0,0.28,18.0,51.0,0.0,9.0,16.0,63.0,41.0
C99,2022-01-24T09:54:00-05:00,False,2022,1,24,137.0,2.1367205671564067,True,0.0,0.0,0.41,0.54,1.0,0.941,ok,0.49,0.05,0.77,0.13,0.73,0.12,186.0,367.0,0.507,6.0,39.0,0.0,9.0,18.0,51.0,41.0
C99,2022-03-01T10:40:00-05:00,False,2022,3,60,10.0,1.0,False,0.0,0.28,0.28,0.28,1.0,0.941,ok,0.28,0.0,0.34,0.0,0.31,0.0,48.8,396.0,0.123,6.0,53.0,0.0,137.0,6.0,39.0,36.0
C99,2022-04-05T10:02:00-04:00,False,2022,4,95,9.0,0.9542425094393249,False,0.0,0.0,0.0,1.1,1.0,0.941,ok,0.0,1.1,0.0,1.36,0.0,1.46,104.0,385.0,0.27,4.0,62.0,0.0,10.0,6.0,53.0,34.0
C99,2022-04-20T10:36:00-04:00,False,2022,4,110,9.0,0.9542425094393249,False,0.0,0.6,0.73,0.73,1.0,0.941,ok,0.73,0.0,0.66,0.0,0.93,0.0,46.9,256.0,0.183,4.0,60.0,0.0,9.0,4.0,62.0,15.0
C99,2022-05-05T09:50:00-04:00,False,2022,5,125,9.0,0.9542425094393249,False,0.0,0.0,0.0,0.0,1.0,0.941,ok,0.0,0.0,0.07,0.0,0.07,0.0,9.77,197.0,0.05,14.0,72.0,0.0,9.0,4.0,60.0,14.0
C99,2022-05-19T10:04:00-04:00,False,2022,5,139,9.0,0.9542425094393249,False,0.0,0.0,1.34,2.21,1.0,0.941,ok,1.34,0.93,1.22,0.82,1.04,0.68,43.8,119.0,0.368,10.0,72.0,0.0,9.0,14.0,72.0,14.0
C99,2022-06-08T09:11:00-04:00,False,2022,6,159,9.0,0.9542425094393249,False,0.0,0.0,0.0,1.03,1.0,0.941,ok,0.0,1.03,0.0,0.85,0.0,0.74,88.0,164.0,0.537,6.0,78.0,0.0,9.0,10.0,72.0,19.0
C99,2022-06-16T10:03:00-04:00,False,2022,6,167,10.0,1.0,False,0.0,0.0,0.0,0.77,1.0,0.941,ok,0.0,0.77,0.0,0.46,0.02,0.3,15.7,129.0,0.122,10.0,80.0,0.0,9.0,6.0,78.0,8.0
C99,2022-07-20T10:07:00-04:00,False,2022,7,201,9.0,0.9542425094393249,False,0.0,0.46,0.46,1.42,0.994,0.941,ok,0.46,0.96,0.1,0.58,0.23,0.69,23.3,199.0,0.117,5.0,81.0,0.0,10.0,10.0,80.0,34.0
C99,2022-08-03T10:31:00-04:00,False,2022,8,215,9.0,0.9542425094393249,False,0.0,0.29,0.5,0.59,1.0,0.941,ok,0.51,0.08,1.15,0.12,0.99,0.29,166.0,221.0,0.751,10.0,85.0,0.0,9.0,5.0,81.0,14.0
C99,2022-08-18T09:33:00-04:00,False,2022,8,230,10.0,1.0,False,0.0,1.13,1.19,2.99,1.0,0.941,ok,1.19,1.8,0.75,2.81,1.1,2.62,24.4,258.0,0.095,15.0,78.0,0.0,9.0,10.0,85.0,14.0
C99,2022-09-14T10:27:00-04:00,False,2022,9,257,9.0,0.9542425094393249,False,0.0,0.0,0.24,0.91,1.0,0.941,ok,0.24,0.67,0.78,0.49,0.72,0.61,61.6,257.0,0.24,14.0,79.0,0.0,10.0,15.0,78.0,27.0
C99,2022-09-28T10:38:00-04:00,False,2022,9,271,9.0,0.9542425094393249,False,0.0,0.0,0.0,0.29,1.0,0.941,ok,0.0,0.29,0.05,0.25,0.04,0.2,14.7,139.0,0.106,14.0,71.0,0.0,9.0,14.0,79.0,14.0
C99,2022-10-12T10:34:00-04:00,False,2022,10,285,9.0,0.9542425094393249,False,0.0,0.0,0.0,0.0,0.994,0.941,ok,0.0,0.0,0.0,0.0,0.0,0.0,35.1,124.0,0.283,12.0,67.0,0.0,9.0,14.0,71.0,13.0
C99,2022-10-17T10:47:00-04:00,False,2022,10,290,9.0,0.9542425094393249,False,0.0,0.0,0.0,0.04,1.0,0.941,ok,0.0,0.04,0.0,0.04,0.0,0.1,24.2,121.0,0.2,16.0,68.0,0.0,9.0,12.0,67.0,5.0
C99,2022-11-02T09:26:00-04:00,False,2022,11,306,9.0,0.9542425094393249,False,0.14,0.14,0.14,0.66,1.0,0.941,ok,0.14,0.52,0.0,0.44,0.0,0.38,6.91,85.0,0.081,18.0,65.0,0.0,9.0,16.0,68.0,15.0
C99,2022-12-14T09:26:00-05:00,False,2022,12,348,9.0,0.9542425094393249,False,0.0,0.0,0.0,0.05,0.994,0.941,ok,0.0,0.05,0.0,0.04,0.0,0.07,13.3,231.0,0.058,16.0,49.0,0.0,9.0,18.0,65.0,42.0
C99,2023-01-18T10:11:00-05:00,False,2023,1,18,10.0,1.0,False,0.02,0.02,0.02,0.24,1.0,0.997,ok,0.02,0.22,0.0,0.3,0.06,0.33,15.9,401.0,0.04,16.0,47.0,0.0,9.0,16.0,49.0,35.0
C99,2023-02-14T09:55:00-05:00,False,2023,2,45,42.0,1.6232492903979006,False,0.0,0.12,1.22,1.61,1.0,0.997,ok,1.25,0.36,1.22,0.18,1.42,0.37,257.0,477.0,0.539,8.0,50.0,0.0,10.0,16.0,47.0,26.0
C99,2023-03-01T09:50:00-05:00,False,2023,3,60,10.0,1.0,False,0.0,0.0,0.0,0.32,1.0,0.997,ok,0.0,0.32,0.0,0.27,0.0,0.4,62.6,396.0,0.158,6.0,60.0,0.0,42.0,8.0,50.0,14.0
C99,2023-04-12T10:26:00-04:00,False,2023,4,102,9.0,0.9542425094393249,False,0.0,0.0,0.0,2.76,1.0,0.997,ok,0.27,2.49,0.24,2.39,0.22,2.81,704.0,365.0,1.929,1.0,60.0,0.0,10.0,6.0,60.0,41.0
C99,2023-04-26T09:52:00-04:00,False,2023,4,116,9.0,0.9542425094393249,False,0.0,0.0,0.0,0.46,1.0,0.997,ok,0.0,0.46,0.0,0.56,0.01,0.79,63.0,160.0,0.394,14.0,64.0,0.0,9.0,1.0,60.0,13.0
C99,2023-05-10T10:25:00-04:00,False,2023,5,130,9.0,0.9542425094393249,False,0.34,0.37,0.37,0.37,1.0,0.997,ok,0.37,0.0,0.72,0.0,1.0,0.0,39.7,158.0,0.251,6.0,69.0,0.6,9.0,14.0,64.0,14.0
C99,2023-05-24T10:36:00-04:00,False,2023,5,144,20.0,1.3010299956639813,False,0.0,0.0,0.01,1.91,1.0,0.997,ok,0.01,1.9,0.04,1.48,0.08,1.44,19.2,184.0,0.104,8.0,68.0,0.0,9.0,6.0,69.0,14.0
C99,2023-06-06T10:51:00-04:00,False,2023,6,157,9.0,0.9542425094393249,False,0.0,0.0,0.0,0.31,0.994,0.997,ok,0.0,0.31,0.0,0.0,0.0,0.02,32.7,176.0,0.186,8.0,71.0,0.0,20.0,8.0,68.0,13.0
C99,2023-06-20T10:26:00-04:00,False,2023,6,171,9.0,0.9542425094393249,False,0.0,0.0,0.0,0.0,1.0,0.997,ok,0.0,0.0,0.0,0.0,0.0,0.0,5.88,188.0,0.031,8.0,76.0,0.0,9.0,8.0,71.0,13.0
C99,2023-07-13T10:10:00-04:00,False,2023,7,194,9.0,0.9542425094393249,False,0.0,0.0,0.0,0.73,0.994,0.997,ok,0.0,0.84,0.03,3.44,0.04,3.26,541.0,192.0,2.818,16.0,82.0,0.0,9.0,8.0,76.0,22.0
C99,2023-07-25T10:27:00-04:00,False,2023,7,206,9.0,0.9542425094393249,False,0.0,0.06,1.16,1.16,1.0,0.997,ok,1.16,0.0,0.66,0.17,0.51,0.12,33.8,159.0,0.213,18.0,82.0,0.0,9.0,16.0,82.0,12.0
C99,2023-08-03T10:15:00-04:00,False,2023,8,215,9.0,0.9542425094393249,False,0.0,0.19,0.19,0.24,1.0,0.997,ok,0.19,0.05,0.04,0.07,0.05,0.17,16.1,221.0,0.073,13.0,78.0,0.0,9.0,18.0,82.0,8.0
C99,2023-08-23T10:28:00-04:00,False,2023,8,235,53.0,1.7242758696007892,False,0.0,0.0,0.0,0.22,0.988,0.997,ok,0.0,0.22,0.0,0.29,0.01,0.38,12.1,235.0,0.051,20.0,83.0,0.0,9.0,13.0,78.0,20.0
C99,2023-09-07T10:25:00-04:00,False,2023,9,250,9.0,0.9542425094393249,False,0.0,0.0,0.0,0.04,1.0,0.997,ok,0.0,1.86,0.0,1.59,0.0,1.13,281.0,219.0,1.283,14.0,83.0,0.0,53.0,20.0,83.0,14.0
C99,2023-09-20T10:15:00-04:00,False,2023,9,263,20.0,1.3010299956639813,False,0.0,0.0,0.19,1.8,1.0,0.997,ok,0.19,1.61,0.15,1.75,0.22,0.96,19.3,185.0,0.104,21.0,77.0,0.0,9.0,14.0,83.0,12.0
C99,2023-10-16T09:53:00-04:00,False,2023,10,289,10.0,1.0,False,0.0,0.17,0.17,0.73,0.988,0.997,ok,0.17,0.56,0.14,0.56,0.13,0.62,13.9,108.0,0.129,20.0,66.0,0.0,20.0,21.0,77.0,25.0
C99,2023-10-26T10:00:00-04:00,False,2023,10,299,9.0,0.9542425094393249,False,0.0,0.0,0.0,0.17,1.0,0.997,ok,0.0,0.17,0.0,0.15,0.0,0.12,13.0,70.0,0.186,19.0,65.0,0.0,10.0,20.0,66.0,10.0
C99,2023-11-02T10:05:00-04:00,False,2023,11,306,20.0,1.3010299956639813,False,0.0,0.0,0.0,0.0,1.0,0.997,ok,0.0,0.0,0.0,0.0,0.0,0.0,10.2,85.0,0.12,22.0,58.0,0.0,9.0,19.0,65.0,7.0
C99,2023-12-14T09:37:00-05:00,False,2023,12,348,9.0,0.9542425094393249,False,0.0,0.0,0.0,2.3,1.0,0.997,ok,0.49,1.81,0.45,1.62,0.55,1.49,197.0,231.0,0.853,15.0,49.0,0.0,20.0,22.0,58.0,42.0
C99,2024-01-11T09:44:00-05:00,False,2024,1,11,53.0,1.7242758696007892,False,0.0,1.25,1.26,1.39,0.994,0.998,ok,1.26,0.32,1.23,0.25,1.74,0.35,262.0,371.0,0.706,12.0,49.0,0.0,9.0,15.0,49.0,28.0
C99,2024-02-26T09:28:00-05:00,False,2024,2,57,10.0,1.0,False,0.0,0.0,0.09,0.12,1.0,0.998,ok,0.12,0.0,0.11,0.0,0.19,0.0,58.4,399.0,0.146,10.0,51.0,0.0,53.0,12.0,49.0,45.0
C99,2024-03-27T09:11:00-04:00,False,2024,3,87,9.0,0.9542425094393249,False,0.0,0.0,0.0,1.6,0.982,0.998,ok,0.0,1.6,0.0,1.71,0.0,1.92,261.0,402.0,0.649,7.0,55.0,0.0,10.0,10.0,51.0,29.0
C99,2024-04-17T10:47:00-04:00,False,2024,4,108,10.0,1.0,False,0.0,0.0,0.0,0.64,1.0,0.998,ok,0.0,0.64,0.0,0.87,0.0,1.2,50.1,358.0,0.14,6.0,67.0,0.0,9.0,7.0,55.0,21.0
C99,2024-04-24T10:39:00-04:00,False,2024,4,115,111.0,2.0453229787866576,True,0.0,0.0,0.34,1.04,0.988,0.998,ok,0.82,0.22,0.74,0.04,0.76,0.08,58.2,192.0,0.303,8.0,61.0,0.0,10.0,6.0,67.0,6.0
C99,2024-04-25T12:57:00-04:00,False,2024,4,116,9.0,0.9542425094393249,False,0.01,0.01,0.01,1.05,0.988,0.998,ok,0.01,1.04,0.05,0.78,0.05,0.84,66.6,183.0,0.364,10.0,62.0,0.0,111.0,8.0,61.0,1.0
C99,2024-05-08T08:40:00-04:00,False,2024,5,129,20.0,1.3010299956639813,False,0.0,0.24,0.24,1.03,0.988,0.998,ok,0.24,0.79,0.2,2.54,0.29,2.31,18.5,141.0,0.131,8.0,71.0,0.0,9.0,10.0,62.0,12.0
C99,2024-05-22T09:26:00-04:00,False,2024,5,143,10.0,1.0,False,0.0,0.0,0.0,1.43,1.0,0.998,ok,0.01,1.42,0.0,1.35,0.0,1.74,133.0,186.0,0.715,13.0,72.0,0.0,20.0,8.0,71.0,14.0
C99,2024-06-12T09:29:00-04:00,False,2024,6,164,20.0,1.3010299956639813,False,0.0,0.01,0.01,0.24,0.994,0.998,ok,0.01,0.23,0.02,0.16,0.04,0.14,10.2,195.0,0.052,11.0,78.0,0.0,10.0,13.0,72.0,21.0
C99,2024-06-26T09:14:00-04:00,False,2024,6,178,9.0,0.9542425094393249,False,0.0,0.16,0.16,0.16,1.0,0.998,ok,0.16,0.0,0.3,0.0,0.47,0.0,2.27,155.0,0.015,7.0,83.0,0.0,20.0,11.0,78.0,13.0
C99,2024-07-10T09:14:00-04:00,False,2024,7,192,137.0,2.1367205671564067,True,0.01,1.0,1.0,3.2,0.994,0.998,ok,1.0,2.2,0.66,2.62,0.96,3.2,16.6,149.0,0.111,11.0,83.0,0.0,9.0,7.0,83.0,14.0
C99,2024-07-11T09:06:00-04:00,False,2024,7,193,20.0,1.3010299956639813,False,0.61,0.62,1.61,3.81,1.0,0.998,ok,1.61,2.2,0.67,2.63,0.97,3.25,14.4,145.0,0.099,11.0,83.0,0.0,137.0,11.0,83.0,0.0
C99,2024-07-24T10:12:00-04:00,False,2024,7,206,9.0,0.9542425094393249,False,0.09,0.1,0.22,4.94,0.946,0.998,ok,1.34,3.51,1.07,4.33,0.37,5.6,925.0,136.0,6.801,6.0,81.0,0.0,20.0,11.0,83.0,13.0
C99,2024-08-21T10:11:00-04:00,False,2024,8,234,64.0,1.806179973983887,False,0.0,0.02,0.15,0.15,1.0,0.998,ok,0.15,0.0,0.21,0.0,0.17,0.0,179.0,211.0,0.848,3.0,78.0,0.0,9.0,6.0,81.0,27.0
C99,2024-08-29T10:24:00-04:00,False,2024,8,242,20.0,1.3010299956639813,False,0.0,0.0,0.0,0.0,1.0,0.998,ok,0.0,0.0,0.0,0.0,0.0,0.0,52.4,192.0,0.273,4.0,82.0,0.0,64.0,3.0,78.0,8.0
C99,2024-09-11T10:45:00-04:00,False,2024,9,255,20.0,1.3010299956639813,False,0.0,0.0,0.0,0.61,0.964,0.998,ok,0.0,0.61,0.0,0.72,0.0,0.61,83.9,210.0,0.4,8.0,74.0,0.0,20.0,4.0,82.0,13.0
C99,2024-09-26T10:00:00-04:00,False,2024,9,270,9.0,0.9542425094393249,False,0.04,0.04,0.04,0.22,0.982,0.998,ok,0.04,0.18,0.02,0.25,0.04,0.37,325.0,144.0,2.257,5.0,76.0,0.0,20.0,8.0,74.0,14.0
C99,2024-10-03T10:04:00-04:00,False,2024,10,277,31.0,1.4913616938342726,False,0.0,0.0,0.28,0.47,1.0,0.998,ok,0.28,0.19,0.95,0.24,1.15,0.31,474.0,239.0,1.983,9.0,75.0,0.0,9.0,5.0,76.0,7.0
C99,2024-10-22T10:16:00-04:00,False,2024,10,296,10.0,1.0,False,0.0,0.0,0.0,0.0,1.0,0.998,ok,0.0,0.0,0.0,0.05,0.0,0.05,33.1,83.0,0.399,7.0,62.0,0.0,31.0,9.0,75.0,19.0
C99,2024-11-25T10:38:00-05:00,False,2024,11,330,10.0,1.0,False,0.0,0.0,0.0,0.21,0.988,0.998,ok,0.0,0.21,0.0,0.23,0.0,0.26,21.1,115.0,0.183,6.0,52.0,0.0,10.0,7.0,62.0,34.0
C99,2024-12-16T10:39:00-05:00,False,2024,12,351,9.0,0.9542425094393249,False,0.0,0.0,0.0,0.93,1.0,0.998,ok,0.0,0.94,0.0,0.86,0.0,0.93,58.0,251.0,0.231,11.0,51.0,0.0,10.0,6.0,52.0,21.0
C99,2025-01-14T09:23:00-05:00,False,2025,1,14,9.0,0.9542425094393249,False,0.0,0.0,0.0,0.03,1.0,0.669,ok,0.03,0.0,0.29,0.35,0.24,0.27,63.7,405.0,0.157,9.0,40.0,0.0,9.0,11.0,51.0,28.0
C99,2025-02-25T10:29:00-05:00,False,2025,2,56,20.0,1.3010299956639813,False,0.0,0.0,0.0,0.66,1.0,0.669,ok,0.0,0.66,0.0,0.75,0.0,0.85,136.0,444.0,0.306,0.0,46.0,0.0,9.0,9.0,40.0,42.0
C99,2025-03-20T09:42:00-04:00,False,2025,3,79,20.0,1.3010299956639813,False,0.0,0.0,0.06,1.75,1.0,0.669,ok,0.76,0.99,0.8,0.94,0.43,1.17,413.0,418.0,0.988,4.0,56.0,0.0,20.0,0.0,46.0,22.0
C99,2025-04-10T09:43:00-04:00,False,2025,4,100,10.0,1.0,False,0.0,0.0,0.68,0.68,1.0,0.669,ok,0.68,0.0,0.69,0.0,0.72,0.0,51.1,284.0,0.18,6.0,65.0,0.0,20.0,4.0,56.0,21.0
C99,2025-04-24T10:33:00-04:00,False,2025,4,114,9.0,0.9542425094393249,False,0.06,0.67,0.67,0.67,0.911,0.669,ok,0.67,0.0,0.58,0.0,1.37,0.0,30.8,192.0,0.16,5.0,70.0,0.0,10.0,6.0,65.0,14.0
C99,2025-05-07T10:33:00-04:00,False,2025,5,127,9.0,0.9542425094393249,False,0.0,0.0,0.02,1.14,1.0,0.669,ok,1.14,0.0,0.98,0.0,0.66,0.05,44.6,177.0,0.252,6.0,72.0,0.0,9.0,5.0,70.0,13.0
C99,2025-05-21T10:45:00-04:00,False,2025,5,141,10.0,1.0,False,0.07,0.07,0.07,0.42,0.97,0.669,ok,0.0,0.35,0.0,0.8,0.0,1.01,322.0,154.0,2.091,6.0,75.0,0.0,9.0,6.0,72.0,14.0
C99,2025-06-04T10:45:00-04:00,False,2025,6,155,9.0,0.9542425094393249,False,0.0,0.0,0.05,0.73,1.0,0.669,ok,0.05,1.37,0.02,1.57,0.04,1.66,724.0,129.0,5.612,4.0,72.0,0.0,10.0,6.0,75.0,14.0
C99,2025-06-19T10:59:00-04:00,False,2025,6,170,20.0,1.3010299956639813,False,0.0,0.48,1.15,2.32,1.0,0.669,ok,1.15,1.17,1.31,1.08,1.49,1.04,149.0,177.0,0.842,6.0,80.0,0.0,9.0,4.0,72.0,15.0
C99,2025-07-10T10:19:00-04:00,False,2025,7,191,9.0,0.9542425094393249,False,0.0,0.0,0.0,0.3,1.0,0.669,ok,0.0,0.31,0.12,1.1,0.07,1.09,211.0,149.0,1.416,11.0,81.0,0.0,20.0,6.0,80.0,20.0
C99,2025-07-16T11:02:00-04:00,False,2025,7,197,9.0,0.9542425094393249,False,0.03,0.03,0.03,0.31,1.0,0.669,mismatch,0.03,0.28,0.42,1.15,0.23,0.59,31.4,163.0,0.193,8.0,85.0,0.0,9.0,11.0,81.0,6.0
C99,2025-08-13T10:38:00-04:00,False,2025,8,225,20.0,1.3010299956639813,False,0.0,0.0,0.0,0.0,1.0,0.669,mismatch,0.0,0.0,1.81,0.62,1.46,0.8,550.0,304.0,1.809,5.0,80.0,0.0,9.0,8.0,85.0,27.0
C99,2025-08-27T09:33:00-04:00,False,2025,8,239,9.0,0.9542425094393249,False,0.0,0.0,0.0,0.0,1.0,0.669,ok,0.0,0.0,0.25,0.02,0.28,0.09,98.8,233.0,0.424,12.0,77.0,0.0,20.0,5.0,80.0,13.0
C99,2025-09-11T09:12:00-04:00,False,2025,9,254,20.0,1.3010299956639813,False,0.0,0.0,0.0,0.0,0.994,0.669,ok,0.0,0.0,0.0,0.0,0.0,0.04,11.0,210.0,0.052,10.0,72.0,0.0,9.0,12.0,77.0,14.0
C99,2025-09-25T10:25:00-04:00,False,2025,9,268,9.0,0.9542425094393249,False,0.0,0.0,0.0,0.0,0.988,0.669,mismatch,0.0,0.0,0.44,0.0,0.25,0.0,8.98,141.0,0.064,9.0,77.0,0.0,20.0,10.0,72.0,14.0
C99,2025-10-22T10:18:00-04:00,False,2025,10,295,10.0,1.0,False,0.0,0.0,0.0,0.0,1.0,0.669,ok,0.0,0.0,0.0,0.0,0.0,0.0,8.22,83.0,0.099,9.0,63.0,0.0,9.0,9.0,77.0,26.0
C99,2025-10-30T09:11:00-04:00,False,2025,10,303,288.0,2.459392487759231,True,0.13,0.69,0.97,0.97,1.0,0.669,ok,0.94,0.0,0.92,0.0,1.14,0.0,11.7,93.0,0.126,12.0,60.0,0.33,10.0,9.0,63.0,7.0
C99,2025-11-18T10:55:00-05:00,False,2025,11,322,10.0,1.0,False,0.0,0.0,0.0,0.0,1.0,0.669,ok,0.0,0.0,0.0,0.0,0.0,0.0,8.73,136.0,0.064,12.0,51.0,0.0,288.0,12.0,60.0,19.0
C99,2025-12-10T10:39:00-05:00,False,2025,12,344,10.0,1.0,False,0.0,0.02,0.02,0.74,1.0,0.669,ok,0.02,0.72,0.05,0.66,0.05,0.73,71.7,195.0,0.368,13.0,42.0,0.0,10.0,12.0,51.0,21.0
C99,2026-01-13T09:50:00-05:00,False,2026,1,13,9.0,0.9542425094393249,False,0.0,0.0,0.1,0.1,1.0,0.774,ok,0.1,0.0,0.13,0.0,0.13,0.0,19.3,391.0,0.049,12.0,46.0,0.0,10.0,13.0,42.0,33.0
C99,2026-02-24T11:08:00-05:00,False,2026,2,55,10.0,1.0,False,0.0,0.14,0.23,0.28,1.0,0.774,ok,0.23,0.05,0.37,0.08,0.28,0.06,45.8,423.0,0.108,18.0,56.0,0.0,9.0,12.0,46.0,42.0
C99,2026-03-23T10:00:00-04:00,False,2026,3,82,10.0,1.0,False,0.0,0.0,0.0,0.75,1.0,0.774,ok,0.0,0.77,0.0,0.72,0.0,0.68,88.9,435.0,0.204,6.0,63.0,0.0,10.0,18.0,56.0,26.0
C99,2026-04-09T09:58:00-04:00,False,2026,4,99,64.0,1.806179973983887,False,0.0,0.0,0.0,1.22,0.976,0.774,ok,0.0,1.22,0.0,1.35,0.0,1.29,46.2,288.0,0.16,14.0,57.0,0.0,10.0,6.0,63.0,16.0
C99,2026-04-22T09:09:00-04:00,False,2026,4,112,9.0,0.9542425094393249,False,0.0,0.0,0.02,0.02,1.0,0.774,ok,0.02,0.0,0.04,0.0,0.05,0.0,5.36,218.0,0.025,15.0,67.0,0.0,64.0,14.0,57.0,12.0
C99,2026-05-05T09:59:00-04:00,False,2026,5,125,9.0,0.9542425094393249,False,0.0,0.0,0.17,0.52,0.976,0.774,mismatch,0.17,0.35,0.54,0.32,0.65,0.38,10.8,197.0,0.055,19.0,68.0,0.0,9.0,15.0,67.0,13.0
C99,2026-05-20T10:33:00-04:00,False,2026,5,140,10.0,1.0,False,0.0,0.0,0.0,0.0,0.899,0.774,ok,0.0,0.0,0.0,0.0,0.0,0.0,5.26,153.0,0.034,15.0,73.0,0.0,9.0,19.0,68.0,15.0
C99,2026-06-03T10:53:00-04:00,False,2026,6,154,10.0,1.0,False,0.0,0.7,0.7,0.79,1.0,0.774,ok,0.7,0.09,0.43,0.01,0.56,0.05,7.61,154.0,0.049,21.0,78.0,0.0,10.0,15.0,73.0,14.0
C99,2026-06-24T09:39:00-04:00,False,2026,6,175,9.0,0.9542425094393249,False,0.11,0.11,0.11,0.16,1.0,0.774,ok,0.11,0.23,0.67,0.3,0.58,0.41,0.26,154.0,0.002,20.0,77.0,0.0,10.0,21.0,78.0,20.0
C99,2026-07-01T09:02:00-04:00,False,2026,7,182,9.0,0.9542425094393249,False,0.0,0.03,0.86,2.57,1.0,0.774,ok,0.86,1.71,0.86,1.35,0.79,1.32,0.21,104.0,0.002,11.0,82.0,0.0,9.0,20.0,77.0,6.0
C99,2026-07-15T07:59:00-04:00,False,2026,7,196,10.0,1.0,False,0.0,1.29,1.29,4.37,1.0,0.774,ok,1.29,3.08,1.19,0.69,1.38,1.09,2.54,173.0,0.015,17.0,82.0,0.0,9.0,11.0,82.0,13.0
C99,2026-08-05T07:37:00-04:00,False,2026,8,217,9.0,0.9542425094393249,False,0.64,0.82,0.91,0.91,0.905,0.774,mismatch,0.91,0.08,1.54,0.0,1.27,0.0,11.1,256.0,0.043,19.0,84.0,0.0,10.0,17.0,82.0,20.0
C99,2026-08-19T08:12:00-04:00,False,2026,8,231,75.0,1.8750612633917,False,0.0,0.0,0.0,0.0,0.875,0.774,ok,0.0,0.0,0.0,0.0,0.0,0.0,4.47,276.0,0.016,23.0,84.0,0.0,9.0,19.0,84.0,14.0
C99,2026-09-02T08:42:00-04:00,False,2026,9,245,9.0,0.9542425094393249,False,0.0,0.0,0.0,0.0,0.446,0.774,mismatch,0.0,0.0,1.94,0.28,2.37,0.26,2.09,204.0,0.01,15.0,85.0,0.0,75.0,23.0,84.0,14.0
C99,2026-09-17T10:18:00-04:00,False,2026,9,260,10.0,1.0,False,0.0,0.0,0.03,0.03,0.946,0.774,ok,0.03,0.0,0.0,0.0,0.0,0.2,13.3,239.0,0.056,23.0,80.0,0.0,9.0,15.0,85.0,15.0
C99,2026-10-07T10:39:00-04:00,False,2026,10,280,9.0,0.9542425094393249,False,0.0,0.0,0.03,1.38,1.0,0.774,unverified,0.25,1.13,0.19,1.83,0.17,2.05,32.0,151.0,0.212,23.0,71.0,0.0,10.0,23.0,80.0,20.0
